"compound","casrn","dtxsid","mPab","sdPab","mPba","sdPba","mPab0","sdPab0","mPba0","sdPba0","mefflux","sdefflux","mefflux0","sdefflux0","mrec_ab","mrec_ba","sdrec_ab","sdrec_ba","ntotal_recab","ntotal_recba","ntotal","ntotal_ab","ntotal_ba","ntotal_efflux","ntotal_rab","ntotal_rba","Fbio.oral","Fabs.oral","Fgut.oral","Fhep.oral"
"Ranitidine","66357-35-5","DTXSID8045191",0.395119659670119,0.280049111916027,3.12322065629362,0.357122952691018,0.3494967136092,0.307822488167208,3.03435843876924,0.387894922486955,10.2795921151373,5.57687927365186,11.2067560825293,5.66625259864959,0.893579003525,0.98287544897561,0.200884064516064,0.148609779661708,40,41,41,39,41,39,40,41,0.3179,0.4675,0.8051,0.8446
"Prometryn","7287-19-6","DTXSID4024272",38.1104033970276,,24.0119760479042,,17.95,,12.03,,0.630063549780662,,0.670194986072423,,0.471,0.501,,,1,1,1,1,1,1,1,1,0.09396,0.9859,0.9849,0.09677
"Candoxatril","123122-55-4","DTXSID6047286",2.33000906618314,,31.985515992758,,1.285,,26.5,,13.7276358521448,,20.6225680933852,,0.5515,0.8285,,,1,1,1,1,1,1,1,1,0.1587,0.7393,0.957,0.2243
"Triticonazole","131983-72-7","DTXSID0032655",37.2977346278317,,26.6190719020908,,23.05,,26.1,,0.713691385487727,,1.13232104121475,,0.618,0.9805,,,1,1,1,1,1,1,1,1,0.4036,0.9855,0.9844,0.416
"Imazapyr","81334-34-1","DTXSID8034665",0.449845679012346,,0.283589251439539,,0.2915,,0.2955,,0.630414528071429,,1.01372212692967,,0.648,1.042,,,1,1,1,1,1,1,1,1,0.4278,0.4675,0.9151,1
"Pyrimethanil","53112-28-0","DTXSID8034877",43.7125748502994,,29.2328042328042,,25.55,,22.1,,0.668750452997028,,0.864970645792564,,0.5845,0.756,,,1,1,1,1,1,1,1,1,0.08161,0.9887,0.9853,0.08377
"Rifampicin","13292-46-1","DTXSID6021244",0.884387351778656,,12.9952456418384,,0.4475,,12.3,,14.6940654631736,,27.4860335195531,,0.506,0.9465,,,1,1,1,1,1,1,1,1,0.5417,0.5786,0.9363,1
"Fluconazole","86386-73-4","DTXSID3020627",18.505367464905,,10.7482629609834,,11.205,,10.055,,0.580818672278043,,0.897367246764837,,0.6055,0.9355,,,1,1,1,1,1,1,1,1,0.7388,0.9607,0.9599,0.8011
"4-Aminoazobenzene","60-09-3","DTXSID6024460",32.541567695962,,24.5492371705964,,13.7,,17.7,,0.754396266337305,,1.29197080291971,,0.421,0.721,,,1,1,1,1,1,1,1,1,0.1496,0.982,0.984,0.1548
"Difenoconazole","119446-68-3","DTXSID4032372",,,,,,,,,,,,,,,,,0,0,1,0,0,0,0,0,,,,
"Imidacloprid","138261-41-3","DTXSID5032442",37.1392722710163,,26.9911504424779,,29.6,,24.4,,0.726754962927529,,0.824324324324324,,0.797,0.904,,,1,1,1,1,1,1,1,1,0.6473,0.9853,0.963,0.6822
"Propiconazole","60207-90-1","DTXSID8024280",37.4898785425101,,25.7081774452165,,23.15,,24.05,,0.685736482609986,,1.03887688984881,,0.6175,0.9355,,,1,1,1,1,1,1,1,1,0.132,0.9856,0.9846,0.136
"Boscalid","188425-85-6","DTXSID6034392",38.121546961326,,17.1288743882545,,20.7,,10.5,,0.449322646996241,,0.507246376811594,,0.543,0.613,,,1,1,1,1,1,1,1,1,0.1865,0.9859,0.9846,0.1921
"Talinolol","57460-41-0","DTXSID6046426",0.140551292737272,0.29898761591686,9.01959022020689,0.219500147530947,0.112147840905167,0.311083516063699,8.60659447072651,0.215735265098546,74.4620822299297,39.6160494390683,88.7704134143918,49.4210083551364,0.8078387824,0.959354784275,0.132163367177773,0.0995672856906206,40,40,40,40,40,40,40,40,,,,
"Warfarin","81-81-2","DTXSID5023742",43.0439361661562,0.12737824848772,16.1993282794497,0.113348991251912,38.6236500934953,0.196787470155061,16.0471811642059,0.113872700007669,0.423603757426803,0.24574530666494,0.486597911414181,0.314883494267151,0.920328852865854,0.996446617682927,0.221707611974239,0.113750663027199,41,41,41,41,41,41,41,41,0.9755,0.9897,0.9857,1
"Famotidine","76824-35-6","DTXSID5023039",,,,,,,,,,,,,,0.9395,,,0,1,1,0,0,0,0,1,,,,
"Dicrotophos","141-66-2","DTXSID9023914",21.9178082191781,,11.2236286919831,,11.2,,13.3,,0.51207805907173,,1.1875,,0.511,1.185,,,1,1,1,1,1,1,1,1,0.951,0.9685,0.9819,1
"Monuron","150-68-5","DTXSID0020311",29.1101055806938,,22.6923076923077,,19.3,,23.6,,0.779533678756477,,1.22279792746114,,0.663,1.04,,,1,1,1,1,1,1,1,1,0.6067,0.9788,0.9752,0.6356
"Fulvestrant","129453-61-8","DTXSID4022369",,,0.00604014598540146,,,,0.00331,,,,,,,0.548,,,0,1,1,0,1,0,0,1,,,,
"Prednisone","53-03-2","DTXSID4021185",17.0731707317073,,25.4749147588894,,13.3,,26.15,,1.49210215016352,,1.96616541353383,,0.779,1.0265,,,1,1,1,1,1,1,1,1,0.9378,0.9566,0.9803,1
"Kaempferol","520-18-3","DTXSID7020768",14.4140625,,9.09424724602203,,9.225,,7.43,,0.630928806228087,,0.805420054200542,,0.64,0.817,,,1,1,1,1,1,1,1,1,,,,
"Benodanil","15310-01-7","DTXSID7041623",37.8768020969856,,25.9355509355509,,28.9,,24.95,,0.684734441654857,,0.863321799307959,,0.763,0.962,,,1,1,1,1,1,1,1,1,0.143,0.9858,0.9834,0.1475
"Hexaconazole","79983-71-4","DTXSID4034653",36.4021164021164,,18.7180941576858,,17.2,,16.5,,0.51420345869224,,0.959302325581395,,0.4725,0.8815,,,1,1,1,1,1,1,1,1,0.1408,0.9849,0.9846,0.1452
"Trifloxystrobin","141517-21-7","DTXSID4032580",,,0.685649202733485,,,,0.301,,,,,,,0.439,,,0,1,1,0,1,0,0,1,,,,
"Phenolphthalein","77-09-8","DTXSID0021125",22.1830985915493,,25,,12.6,,19.75,,1.12698412698413,,1.56746031746032,,0.568,0.79,,,1,1,1,1,1,1,1,1,0.07326,0.9691,0.981,0.07706
"Flusilazole","85509-19-9","DTXSID3024235",39.4965277777778,,19.050894085282,,22.75,,13.85,,0.482343516181205,,0.608791208791209,,0.576,0.727,,,1,1,1,1,1,1,1,1,0.2914,0.9867,0.985,0.2998
"4,4'-(Isopropylidenebis(4,1-phenyleneoxy))dianiline","13080-86-9","DTXSID5051650",,,,,,,,,,,,,,,,,0,0,2,0,0,0,0,0,,,,
"1,3-Diphenylguanidine","102-06-7","DTXSID3025178",20.1576576576577,,33.8487023743788,,17.9,,30.65,,1.6791981960027,,1.7122905027933,,0.888,0.9055,,,1,1,1,1,1,1,1,1,0.947,0.9649,0.9814,1
"2,6-Diethylaniline","579-66-8","DTXSID6027218",47.3738414006179,,29.3089092422981,,23,,17.6,,0.618672845092857,,0.765217391304348,,0.4855,0.6005,,,1,1,1,1,1,1,1,1,0.1999,0.9901,0.9836,0.2053
"Tebuthiuron","34014-18-1","DTXSID3024316",38.3333333333333,,37.2119815668203,,27.6,,32.3,,0.970747345221398,,1.17028985507246,,0.72,0.868,,,1,1,1,1,1,1,1,1,0.4792,0.9861,0.9719,0.5
"Imazamox","114311-32-9","DTXSID3034664",0.242293906810036,,0.320278969957082,,0.169,,0.2985,,1.32186142926074,,1.76627218934911,,0.6975,0.932,,,1,1,1,1,1,1,1,1,0.3335,0.3748,0.8898,1
"3,3'-Dimethoxybenzidine","119-90-4","DTXSID3025091",45.6826568265683,,33.7059809949693,,30.95,,30.15,,0.737828824687938,,0.974151857835218,,0.6775,0.8945,,,1,1,1,1,1,1,1,1,0.9754,0.9895,0.9857,1
"Phenazone","60-80-0","DTXSID6021117",37.023498694517,,35.5604638321369,,35.45,,32.2,,0.960483614083812,,0.908321579689704,,0.9575,0.9055,,,1,1,1,1,1,1,1,1,0.8514,0.9853,0.976,0.8854
"Buspirone","36505-84-7","DTXSID2022707",28.4132841328413,,44.2228739002933,,15.4,,37.7,,1.55641543207526,,2.44805194805195,,0.542,0.8525,,,1,1,1,1,1,1,1,1,0.3733,0.9781,0.9831,0.3882
"Pirimiphos-methyl","29232-93-7","DTXSID0024266",,,13.7663856180802,0.0958785624984499,,,7.14893959115686,0.046284521292691,,,,,,0.5332775245,,0.171512319958935,0,2,2,0,2,0,0,2,,,,
"Imazapic","104098-48-8","DTXSID5034270",0.758485639686684,,0.707251082251082,,0.581,,0.6535,,0.932451512916229,,1.12478485370052,,0.766,0.924,,,1,1,1,1,1,1,1,1,0.5151,0.5527,0.932,1
"PHA-00568487","527680-56-4","DTXSID1047285",1.12625,,15.6398104265403,,0.901,,16.5,,13.8866241301135,,18.3129855715871,,0.8,1.055,,,1,1,1,1,1,1,1,1,0.3506,0.6201,0.7296,0.7749
"Ethoxyquin","91-53-2","DTXSID9020582",37.6262626262626,,20.936170212766,,22.35,,24.6,,0.556424389547337,,1.1006711409396,,0.594,1.175,,,1,1,1,1,1,1,1,1,0.1407,0.9856,0.9848,0.145
"Ametryn","834-12-8","DTXSID1023869",38.953488372093,,31.9641916798315,,30.15,,30.35,,0.820573278944928,,1.00663349917081,,0.774,0.9495,,,1,1,1,1,1,1,1,1,0.09881,0.9864,0.985,0.1017
"Napropamide","15299-99-7","DTXSID5024211",41.1276948590381,,21.5080346106304,,24.8,,17.4,,0.522957454443957,,0.701612903225806,,0.603,0.809,,,1,1,1,1,1,1,1,1,0.1857,0.9875,0.9852,0.1909
"Daidzein","486-66-8","DTXSID9022310",11.8909090909091,,43.6018957345972,,4.905,,41.4,,3.66682609388814,,8.44036697247707,,0.4125,0.9495,,,1,1,1,1,1,1,1,1,0.1621,0.9335,0.9769,0.1777
"Butam","35256-85-0","DTXSID5041691",34.5478204294079,,34.8452508004269,,26.55,,32.65,,1.00860923691631,,1.22975517890772,,0.7685,0.937,,,1,1,1,1,1,1,1,1,0.2929,0.9837,0.9822,0.3032
"Buprofezin","69327-76-0","DTXSID8034401",,,5.54,,,,2.77,,,,,,,0.5,,,0,1,1,0,1,0,0,1,,,,
"Dimethenamid","87674-68-8","DTXSID4032376",43.7125748502994,,17.1473518615627,,29.2,,16.35,,0.392275035737118,,0.559931506849315,,0.668,0.9535,,,1,1,1,1,1,1,1,1,0.2159,0.9887,0.972,0.2247
"Tebufenpyrad","119168-77-3","DTXSID0034223",,,2.50790305584826,,,,1.19,,,,,,,0.4745,,,0,1,1,0,1,0,0,1,,,,
"Sulfasalazine","599-79-1","DTXSID0021256",0.0254915254237288,,25.7356608478803,,0.0188,,25.8,,1009.57712102722,,1372.34042553191,,0.7375,1.0025,,,1,1,1,1,1,1,1,1,0.04656,0.1466,0.7331,0.4332
"Triadimefon","43121-43-3","DTXSID3023897",,,11.4319526627219,,,,9.66,,,,,,,0.845,,,0,1,1,0,1,0,0,1,,,,
"Propazine","139-40-2","DTXSID3021196",36.4535768645358,,31.2075983717775,,23.95,,23,,0.85609152944709,,0.960334029227557,,0.657,0.737,,,1,1,1,1,1,1,1,1,0.1848,0.9849,0.9844,0.1906
"Norethindrone","68-22-4","DTXSID9023380",49.5961227786753,,18.6872069658406,,30.7,,13.95,,0.376787658366623,,0.454397394136808,,0.619,0.7465,,,1,1,1,1,1,1,1,1,0.9769,0.9908,0.986,1
"Prometon","1610-18-0","DTXSID6022341",47.3000683526999,,32.6864147088866,,34.6,,32,,0.6910437098136,,0.92485549132948,,0.7315,0.979,,,1,1,1,1,1,1,1,1,0.2834,0.9901,0.9857,0.2904
"Cyprodinil","121552-61-2","DTXSID1032359",31.8544809228039,,19.7183098591549,,17.95,,14,,0.619012122876535,,0.779944289693593,,0.5635,0.71,,,1,1,1,1,1,1,1,1,0.05133,0.9814,0.984,0.05315
"Mepanipyrim","110235-47-7","DTXSID4042121",47.5574712643678,,35.6875,,33.1,,28.55,,0.750407854984894,,0.862537764350453,,0.696,0.8,,,1,1,1,1,1,1,1,1,0.9762,0.9902,0.9859,1
"Fluazifop-butyl","69806-50-4","DTXSID3034612",,,,,,,,,,,,,,,,,0,0,2,0,0,0,0,0,,,,
"Pirimicarb","23103-98-2","DTXSID1032569",33.952528379773,,37.5348189415042,,16.45,,26.95,,1.10550880104309,,1.63829787234043,,0.4845,0.718,,,1,1,1,1,1,1,1,1,0.1567,0.9832,0.9735,0.1637
"Pyrimethamine","58-14-0","DTXSID9021217",26.18825722274,,62.5637755102041,,14.05,,49.05,,2.38900110756046,,3.49110320284697,,0.5365,0.784,,,1,1,1,1,1,1,1,1,0.5757,0.9754,0.9824,0.6008
"Tralkoxydim","87820-88-0","DTXSID1034973",45.6076134699854,,8.65902578796562,,31.15,,7.555,,0.189859217116549,,0.242536115569823,,0.683,0.8725,,,1,1,1,1,1,1,1,1,0.9754,0.9895,0.9857,1
"Hexazinone","51235-04-2","DTXSID4024145",26.1372397841172,,38.5765550239234,,16.95,,32.25,,1.47592306389465,,1.90265486725664,,0.6485,0.836,,,1,1,1,1,1,1,1,1,0.4463,0.9752,0.9528,0.4803
"Phenacetin","62-44-2","DTXSID1021116",41.9039869812856,,22.485549132948,,25.75,,19.45,,0.536596890959089,,0.755339805825243,,0.6145,0.865,,,1,1,1,1,1,1,1,1,0.3908,0.9879,0.9405,0.4206
"Strychnine","57-24-9","DTXSID6023600",9.84688995215311,,55.8781869688385,,5.145,,39.45,,5.67470411879847,,7.66763848396502,,0.5225,0.706,,,1,1,1,1,1,1,1,1,0.696,0.9186,0.9639,0.7861
"p-Xylenol blue","125-31-5","DTXSID8026303",,,0.793963254593176,,,,0.605,,,,,,0.455,0.762,,,1,1,1,0,1,0,1,1,,,,
"Triphenyl phosphate","115-86-6","DTXSID1021952",5.32687651331719,,,,2.2,,,,,,,,0.413,,,,1,0,1,1,0,0,1,0,0.03312,0.8555,0.9696,0.03993
"Trifloxysulfuron-sodium","199119-58-9","DTXSID8040222",4.79768786127168,,2.77495769881557,,2.905,,2.46,,0.578394797463968,,0.846815834767642,,0.6055,0.8865,,,1,1,1,1,1,1,1,1,0.8159,0.8426,0.9683,1
"Fenarimol","60168-88-9","DTXSID2032390",28.94438138479,,25.7950530035336,,12.75,,18.25,,0.891193792004434,,1.43137254901961,,0.4405,0.7075,,,1,1,1,1,1,1,1,1,0.4439,0.9786,0.9835,0.4612
"Testosterone propionate","57-85-2","DTXSID9036515",,,,,,,,,,,,,,,,,0,0,1,0,0,0,0,0,,,,
"Triflumizole","68694-11-1","DTXSID2032500",,,,,,,,,,,,,,,,,0,0,1,0,0,0,0,0,,,,
"Tebuconazole","107534-96-3","DTXSID9032113",36.7529880478088,,18.2897862232779,,18.45,,15.4,,0.497640795885393,,0.834688346883469,,0.502,0.842,,,1,1,1,1,1,1,1,1,0.332,0.9851,0.9847,0.3423
"Octhilinone","26530-20-1","DTXSID1025805",,,0.326984126984127,,,,0.1442,,,,,,,0.441,,,0,1,1,0,1,0,0,1,,,,
"Rotenone","83-79-4","DTXSID6021248",,,9.2290585618977,,,,6.225,,,,,,,0.6745,,,0,1,1,0,1,0,0,1,,,,
"Fenamidone","161326-34-7","DTXSID2034590",38.4678076609617,,33.9252908756889,,23.6,,27.7,,0.881913811535388,,1.17372881355932,,0.6135,0.8165,,,1,1,1,1,1,1,1,1,0.1519,0.9862,0.9848,0.1564
"Pyriproxyfen","95737-68-1","DTXSID1032640",,,,,,,,,,,,,,,,,0,0,1,0,0,0,0,0,,,,
"Cyclanilide","113136-77-9","DTXSID5032600",22.0410628019324,,37.4872318692544,,18.25,,36.7,,1.70079057467083,,2.01095890410959,,0.828,0.979,,,1,1,1,1,1,1,1,1,0.9512,0.9687,0.9819,1
"4-Nitrophenol","100-02-7","DTXSID0021834",60.369728480647,,23.0192719486081,,52.25,,21.5,,0.381304877923834,,0.411483253588517,,0.8655,0.934,,,1,1,1,1,1,1,1,1,0.228,0.9935,0.9824,0.2336
"Monobutyl phthalate","131-70-4","DTXSID4040002",13.0855018587361,,5.21601685985247,,8.8,,4.95,,0.398610379346681,,0.5625,,0.6725,0.949,,,1,1,1,1,1,1,1,1,0.92,0.9403,0.9784,1
"3'-Azido-3'-deoxythymidine","30516-87-1","DTXSID8020127",4.29878048780488,,5.30800821355236,,2.82,,5.17,,1.23477070499658,,1.83333333333333,,0.656,0.974,,,1,1,1,1,1,1,1,1,0.5462,0.8285,0.8909,0.74
"Carbosulfan","55285-14-8","DTXSID5023950",,,0.032579185520362,,,,0.0216,,,,,,,0.663,,,0,1,1,0,1,0,0,1,,,,
"Paclobutrazol","76738-62-0","DTXSID2024242",39.1901663051338,,24.1764705882353,,27.1,,20.55,,0.616901454308661,,0.75830258302583,,0.6915,0.85,,,1,1,1,1,1,1,1,1,0.327,0.9866,0.9845,0.3367
"Fenoxaprop-P-ethyl","71283-80-2","DTXSID2034598",,,,,,,,,,,,,,,,,0,0,1,0,0,0,0,0,,,,
"Fluometuron","2164-17-2","DTXSID8020628",43.782722513089,,23.9428885227897,,33.45,,21.8,,0.546857005423358,,0.651718983557548,,0.764,0.9105,,,1,1,1,1,1,1,1,1,0.3035,0.9888,0.9795,0.3134
"CP-122721","145742-28-5","DTXSID9047251",26.3316582914573,,24.7284345047923,,13.1,,19.35,,0.939114211155282,,1.47709923664122,,0.4975,0.7825,,,1,1,1,1,1,1,1,1,0.9589,0.9755,0.983,1
"Pymetrozine","123312-89-0","DTXSID2032637",15.5929487179487,,25.2608456891818,,9.73,,23,,1.6200172363874,,2.36382322713258,,0.624,0.9105,,,1,1,1,1,1,1,1,1,0.3341,0.9514,0.8047,0.4364
"Flumetsulam","98967-40-9","DTXSID4032615",0.358615611192931,,0.937980522808816,,0.2435,,0.915,,2.6155596508714,,3.75770020533881,,0.679,0.9755,,,1,1,1,1,1,1,1,1,0.1353,0.4325,0.9064,0.3451
"Flutolanil","66332-96-5","DTXSID8024109",39.9367755532139,,17.8079096045198,,18.95,,7.88,,0.445902538646155,,0.415831134564644,,0.4745,0.4425,,,1,1,1,1,1,1,1,1,0.1481,0.9869,0.985,0.1524
"Oxyphenisatin","125-13-3","DTXSID5044528",4.05525846702317,,9.24259681093394,,2.275,,8.115,,2.27916343337756,,3.56703296703297,,0.561,0.878,,,1,1,1,1,1,1,1,1,0.7931,0.8209,0.9661,1
"Perfluoroheptanoic acid","375-85-9","DTXSID1037303",1.40225035161744,,2.89251547552054,,0.997,,2.57,,2.06276680350562,,2.5777331995988,,0.711,0.8885,,,1,1,1,1,1,1,1,1,,,,
"Naproxen","22204-53-1","DTXSID4040686",37.0873786407767,,20.0700116686114,,19.1,,17.2,,0.541154764886643,,0.900523560209424,,0.515,0.857,,,1,1,1,1,1,1,1,1,0.2008,0.9853,0.9848,0.2069
"Triamcinolone","124-94-7","DTXSID1040742",0.168356997971602,,3.4729586426299,,0.1245,,3.275,,20.6285374797174,,26.3052208835341,,0.7395,0.943,,,1,1,1,1,1,1,1,1,0.1597,0.3261,0.7029,0.6966
"Monobenzyl phthalate","2528-16-7","DTXSID9043938",6.21152328334649,,4.46996466431095,,3.935,,3.795,,0.719624552691484,,0.964421855146124,,0.6335,0.849,,,1,1,1,1,1,1,1,1,0.8483,0.8733,0.9714,1
"Acifluorfen","50594-66-6","DTXSID0020022",1.9170243204578,,12.4781341107872,,1.34,,10.7,,6.50911622644794,,7.98507462686567,,0.699,0.8575,,,1,1,1,1,1,1,1,1,0.6758,0.7084,0.954,1
"2-(4-Hydroxybenzyl)phenol","2467-03-0","DTXSID2044890",37.9250217959895,,19.7850821744627,,21.75,,15.65,,0.521689408140431,,0.719540229885058,,0.5735,0.791,,,1,1,1,1,1,1,1,1,0.05267,0.9858,0.9837,0.05431
"1,1-Bis(3-cyclohexyl-4-hydroxyphenyl)cyclohexane","4221-68-5","DTXSID6051306",,,,,,,,,,,,,0.5225,0.549,,,1,1,1,0,0,0,1,1,,,,
"Linuron","330-55-2","DTXSID2024163",39.7736459175424,,34.7692307692308,,24.6,,28.25,,0.874177611006879,,1.14837398373984,,0.6185,0.8125,,,1,1,1,1,1,1,1,1,0.09335,0.9869,0.9832,0.09621
"PFNA","375-95-1","DTXSID8031863",6.22625928984311,,14.9312377210216,,3.77,,11.4,,2.39810727853543,,3.02387267904509,,0.6055,0.7635,,,1,1,1,1,1,1,1,1,,,,
"Exifone","52479-85-3","DTXSID9044950",,,,,,,,,,,,,,,,,0,0,1,0,0,0,0,0,,,,
"Fluroxypyr","69377-81-7","DTXSID2034627",,,3.451536643026,,,,2.92,,,,,,0.7305,0.846,,,1,1,1,0,1,0,1,1,,,,
"Phosmet","732-11-6","DTXSID5024261",19.96699669967,,41.7748917748918,,30.25,,48.25,,2.09219705913921,,1.59504132231405,,1.515,1.155,,,1,1,1,1,1,1,1,1,0.124,0.9645,0.9803,0.1312
"Sulisobenzone","4065-45-6","DTXSID2042436",0.0777198471864339,0.37685562344829,3.32116041591212,0.034836344250319,0.0644946389911596,0.253194207024874,2.96571990097472,0.0386150050712615,52.6974024496018,43.6108453723249,51.2724475971258,32.0729754577644,0.84671197875,0.892993911,0.237887661701865,0.00776956344667076,2,2,2,2,2,2,2,2,0.1697,0.2567,0.8366,0.7902
"MEHP","4376-20-9","DTXSID2025680",47.3719676549865,,13.4712129681386,,35.15,,12.05,,0.284370982143922,,0.342816500711238,,0.742,0.8945,,,1,1,1,1,1,1,1,1,,,,
"Progesterone","57-83-0","DTXSID3022370",32.183908045977,,21.8471337579618,,16.8,,17.15,,0.678821656050955,,1.02083333333333,,0.522,0.785,,,1,1,1,1,1,1,1,1,0.0695,0.9818,0.9839,0.07195
"Forchlorfenuron","68157-60-8","DTXSID1034634",38.2978723404255,,36.3922391190351,,27.9,,34.7,,0.950241799219251,,1.24372759856631,,0.7285,0.9535,,,1,1,1,1,1,1,1,1,0.1024,0.9861,0.9846,0.1055
"Fluoxastrobin","361377-29-9","DTXSID2034625",40.5405405405406,,29.3203883495146,,22.5,,15.1,,0.723236245954692,,0.671111111111111,,0.555,0.515,,,1,1,1,1,1,1,1,1,0.1358,0.9872,0.985,0.1397
"Spiroxamine","118134-30-8","DTXSID1034212",28.3273381294964,,47.3291211947157,,15.75,,41.2,,1.67079310376266,,2.61587301587302,,0.556,0.8705,,,1,1,1,1,1,1,1,1,0.4939,0.978,0.9834,0.5135
"Tepraloxydim","149979-41-9","DTXSID7034252",55.1679586563308,,15.4639175257732,,42.7,,14.25,,0.280306139694343,,0.333723653395785,,0.774,0.9215,,,1,1,1,1,1,1,1,1,0.5573,0.9924,0.9853,0.5699
"Triphenylphosphine oxide","791-28-6","DTXSID2022121",50.4312339727516,0.096269319080218,42.051945198652,0.0873890177742509,54.1197283806931,0.252955356988876,42.0963181287865,0.0995056022893445,0.833934399551916,0.0170508100728403,0.802240226429653,0.277702150022335,1.10825,1.00125,0.391383603386754,0.0279307178568685,2,2,2,2,2,2,2,2,0.9776,0.9913,0.9862,1
"Atrazine","1912-24-9","DTXSID9020112",52.3393636930755,,28.8009179575445,,41.95,,25.1,,0.550272604123287,,0.598331346841478,,0.8015,0.8715,,,1,1,1,1,1,1,1,1,0.978,0.9916,0.9863,1
"Icaridin","119515-38-7","DTXSID0034227",41.9265419265419,,36.0020397756247,,30.25,,35.3,,0.85869327927647,,1.16694214876033,,0.7215,0.9805,,,1,1,1,1,1,1,1,1,0.3284,0.9879,0.966,0.3441
"Azoxystrobin","131860-33-8","DTXSID0032520",48.2389937106918,,30.2904564315353,,38.35,,25.55,,0.627924716116572,,0.666232073011734,,0.795,0.8435,,,1,1,1,1,1,1,1,1,0.1006,0.9904,0.9847,0.1032
"Hexamethylphosphoramide","680-31-9","DTXSID6020694",14.372197309417,,15.9224441833138,,9.615,,13.55,,1.10786429106988,,1.40925637025481,,0.669,0.851,,,1,1,1,1,1,1,1,1,,,,
"Pyraclostrobin","175013-18-0","DTXSID7032638",,,,,,,,,,,,,,,,,0,0,1,0,0,0,0,0,,,,
"Diniconazole","83657-24-3","DTXSID2040363",36.6020524515394,,32.1997105643994,,16.05,,22.25,,0.879724179594339,,1.38629283489097,,0.4385,0.691,,,1,1,1,1,1,1,1,1,0.9699,0.985,0.9847,1
"2-[4-(Diethylamino)-2-hydroxybenzoyl]benzoic acid","5809-23-4","DTXSID4027604",23.709656507758,0.174108483315398,12.7551407113801,0.0473122139037902,18.5025355931289,0.240870600952243,12.2158280683665,0.00571365610988121,0.57331238671639,0.280259859013968,0.714153185559281,0.385015137294937,0.784994671,0.95991553075,0.120200616457639,0.0918044239952977,2,2,2,2,2,2,2,2,0.6322,0.9733,0.9826,0.661
"DEET","134-62-3","DTXSID2021995",52.6899611758181,,43.3277498604132,,47.5,,38.8,,0.822315084192894,,0.816842105263158,,0.9015,0.8955,,,1,1,1,1,1,1,1,1,0.5548,0.9917,0.9817,0.5699
"Dipropyl 2,5-pyridinedicarboxylate","136-45-8","DTXSID8032544",,,0.0781690140845071,,,,0.0444,,,,,,,0.568,,,0,1,1,0,1,0,0,1,,,,
"1-Hydroxypyrene","5315-79-7","DTXSID1038298",,,8.28073993471164,,,,3.805,,,,,,,0.4595,,,0,1,1,0,1,0,0,1,,,,
"Bensulide","741-58-2","DTXSID9032329",,,,,,,,,,,,,,,,,0,0,1,0,0,0,0,0,,,,
"Prochloraz","67747-09-5","DTXSID4024270",35.6426618049225,,19.3972179289026,,19.55,,12.55,,0.544213505575606,,0.641943734015345,,0.5485,0.647,,,1,1,1,1,1,1,1,1,0.1042,0.9844,0.9845,0.1075
"Diclosulam","145701-21-9","DTXSID4034528",4.83098591549296,,7.30504587155963,,3.43,,6.37,,1.51212319790301,,1.85714285714286,,0.71,0.872,,,1,1,1,1,1,1,1,1,0.3975,0.8434,0.9684,0.4867
"Imazethapyr","81335-77-5","DTXSID3024287",0.541970802919708,,0.517548454688318,,0.4455,,0.494,,0.954937889458581,,1.10886644219978,,0.822,0.9545,,,1,1,1,1,1,1,1,1,0.4064,0.4973,0.9216,0.8867
"PFOA, ammonium salt","3825-26-1","DTXSID8037708",3.85696040868455,,7.2904586188719,,3.02,,6.915,,1.89020831078699,,2.28973509933775,,0.783,0.9485,,,1,1,1,1,1,1,1,1,,,,
"3-Phenoxybenzoic acid","3739-38-6","DTXSID1038321",46.545106225142,0.0275106085353207,21.6553358590674,0.118911012340902,35.2404451640441,0.0592433966980595,21.0765035757238,0.0823333584229843,0.478538831083788,0.158349919613063,0.6140371746701,0.196699888942524,0.75813537375,0.9749971795,0.05534577632579,0.0820203978282868,2,2,2,2,2,2,2,2,0.9757,0.9898,0.9858,1
"meso-Hexestrol","84-16-2","DTXSID2022381",,,9.58904109589041,,,,14,,,,,,,1.46,,,0,1,1,0,1,0,0,1,,,,
"Thiabendazole","148-79-8","DTXSID0021337",48.8772845953003,,37.7686796315251,,46.8,,36.9,,0.77272458861507,,0.788461538461538,,0.9575,0.977,,,1,1,1,1,1,1,1,1,0.9767,0.9906,0.986,1
"5HPP-33","105624-86-0","DTXSID1046970",30.4259634888438,,16.7169583584792,,15,,13.85,,0.549430698048682,,0.923333333333333,,0.493,0.8285,,,1,1,1,1,1,1,1,1,0.04036,0.9801,0.9836,0.04187
"Ethametsulfuron-methyl","97780-06-8","DTXSID9034573",1.90666666666667,,4.68524251805986,,1.43,,4.54,,2.45729502695447,,3.17482517482517,,0.75,0.969,,,1,1,1,1,1,1,1,1,0.675,0.7076,0.9539,1
"Penoxsulam","219714-96-2","DTXSID0034803",0.534556574923547,,2.12744606121425,,0.437,,2.12,,3.97983330673375,,4.8512585812357,,0.8175,0.9965,,,1,1,1,1,1,1,1,1,0.4563,0.4953,0.9212,1
"Fluridone","59756-60-4","DTXSID8024107",41.2892914224827,,28.4097035040431,,38.75,,26.35,,0.688064690026954,,0.68,,0.9385,0.9275,,,1,1,1,1,1,1,1,1,0.3911,0.9876,0.9847,0.4022
"4,4'-Methylenebis(2-methylaniline)","838-88-0","DTXSID5020867",38.2372002592353,,32.2287546766435,,29.5,,30.15,,0.842863872306117,,1.02203389830508,,0.7715,0.9355,,,1,1,1,1,1,1,1,1,0.5193,0.986,0.9822,0.5362
"Myclobutanil","88671-89-0","DTXSID8024315",43.705035971223,,24.635241301908,,36.45,,21.95,,0.563670541722668,,0.602194787379973,,0.834,0.891,,,1,1,1,1,1,1,1,1,0.1785,0.9887,0.9844,0.1834
"(RS)-(+/-)-sulpiride","15676-16-1","DTXSID1042574",0.130562595032945,,0.484971981660723,,0.1288,,0.476,,3.71447872599615,,3.69565217391304,,0.9865,0.9815,,,1,1,1,1,1,1,1,1,0.2535,0.2955,0.8579,1
"Carbendazim","10605-21-7","DTXSID4024729",50.7450980392157,,28.1853281853282,,64.7,,25.55,,0.555429573976715,,0.394899536321484,,1.275,0.9065,,,1,1,1,1,1,1,1,1,0.1849,0.9912,0.9108,0.2048
"4-Hydroxytamoxifen","68392-35-8","DTXSID3037094",,,,,,,,,,,,,,,,,0,0,1,0,0,0,0,0,,,,
"Isazofos","42509-80-8","DTXSID7034676",45.0980392156863,,32.3366555924695,,39.1,,29.2,,0.717030189224325,,0.746803069053709,,0.867,0.903,,,1,1,1,1,1,1,1,1,0.129,0.9893,0.9855,0.1323
"Tacrine","321-64-2","DTXSID1037272",34.7916666666667,,48.9599188229325,,33.4,,48.25,,1.40723119970105,,1.44461077844311,,0.96,0.9855,,,1,1,1,1,1,1,1,1,0.0004832,0.9838,0.04682,0.01049
"Thiophanate-methyl","23564-05-8","DTXSID1024338",43.6576668364748,,35.3804347826087,,42.85,,32.55,,0.810405991578307,,0.759626604434072,,0.9815,0.92,,,1,1,1,1,1,1,1,1,0.6615,0.9887,0.9784,0.6838
"Norgestrel","797-63-7","DTXSID3036496",24.6013181450732,0.0193199948778982,16.5721562495703,0.196853719583139,15.7119526133769,0.0223693623261932,7.83943089669142,0.156102246357629,0.701967207419147,0.279221093265697,0.510821509421242,0.154858333028986,0.63867091075,0.474089986,0.00448434498772461,0.0444204677931288,2,2,2,2,2,2,2,2,0.2435,0.9731,0.9824,0.2547
"4-Chloroaniline","106-47-8","DTXSID9020295",57.0689665771563,0.0781852712306742,21.813092784432,0.059493230876504,24.3278753762428,0.111168704036348,11.5327960007537,0.0374835492270816,0.382400396389113,0.0164534386856714,0.477472574500106,0.080624575576717,0.4269039005,0.5290493215,0.0323910067183439,0.0268003065508723,2,2,2,2,2,2,2,2,0.9796,0.9929,0.9866,1
"N,N,N-Trimethyl(oxiran-2-yl)methanaminium chloride","3033-77-0","DTXSID1044643",,,0.429665071770335,,,,0.449,,,,,,0.754,1.045,,,1,1,1,0,1,0,1,1,,,,
"N,N,4-Trimethylaniline","99-97-8","DTXSID0021832",,,,,,,,,,,,,,,,,0,0,1,0,0,0,0,0,,,,
"Malaoxon","1634-78-2","DTXSID9020790",43.9606741573034,,28.1897491821156,,31.3,,25.85,,0.641249246570809,,0.825878594249201,,0.712,0.917,,,1,1,1,1,1,1,1,1,0.07499,0.9888,0.8247,0.09196
"Octrizole","3147-75-9","DTXSID9027522",,,,,,,,,,,,,1.0045,1.625,,,1,1,1,0,0,0,1,1,,,,
"Benzyl butyl phthalate","85-68-7","DTXSID3020205",,,,,,,,,,,,,,,,,0,0,1,0,0,0,0,0,,,,
"Flutamide","13311-84-7","DTXSID7032004",54.4491525423729,,45.2653485952133,,64.25,,43.5,,0.831332472254501,,0.67704280155642,,1.18,0.961,,,1,1,1,1,1,1,1,1,0.1234,0.9922,0.986,0.1261
"Ethion","563-12-2","DTXSID2024086",,,,,,,,,,,,,,,,,0,0,1,0,0,0,0,0,,,,
"Apigenin","520-36-5","DTXSID6022391",11.4095079232694,,5.63009030147883,0.159533895770646,6.84,,3.5994511146993,0.215221554277784,0.639817251461988,,0.747076023391813,,0.5995,0.64195357825,,0.0820900368860786,1,2,2,1,2,1,1,2,0.0198,0.9303,0.9772,0.02178
"2-Benzylideneoctanal","101-86-0","DTXSID4026684",,,,,,,,,,,,,,,,,0,0,1,0,0,0,0,0,,,,
"2-[2-(2-Ethoxyethoxy)ethoxy]ethanol","112-50-5","DTXSID3024368",32.7741935483871,,26.1150234741784,,25.4,,22.25,,0.796816661121585,,0.875984251968504,,0.775,0.852,,,1,1,1,1,1,1,1,1,0.9668,0.9823,0.9842,1
"Flufenacet","142459-58-3","DTXSID2032552",,,10.0810372771475,,,,6.22,,,,,,,0.617,,,0,1,1,0,1,0,0,1,,,,
"PFOSA","754-91-6","DTXSID3038939",,,20.8368915456875,,,,12.2,,,,,,,0.5855,,,0,1,1,0,1,0,0,1,,,,
"Estrone","53-16-7","DTXSID4022367",38.3800151400454,,14.1587677725118,,25.35,,11.95,,0.368909905867616,,0.471400394477318,,0.6605,0.844,,,1,1,1,1,1,1,1,1,0.9712,0.9861,0.9849,1
"Carfentrazone-ethyl","128639-02-1","DTXSID4032532",,,,,,,,,,,,,,,,,0,0,1,0,0,0,0,0,,,,
"Vernolate","1929-77-7","DTXSID7024376",,,,,,,,,,,,,,,,,0,0,1,0,0,0,0,0,,,,
"2-Methoxy-5-nitroaniline","99-59-2","DTXSID0020943",51.6242937853107,,27.7093596059113,,36.55,,22.5,,0.536750385799869,,0.615595075239398,,0.708,0.812,,,1,1,1,1,1,1,1,1,0.2826,0.9914,0.9657,0.2952
"2-Naphthylamine","91-59-8","DTXSID2020921",46.2877030162413,,24.1560390097524,,19.95,,16.1,,0.521867308932496,,0.807017543859649,,0.431,0.6665,,,1,1,1,1,1,1,1,1,0.1766,0.9897,0.9825,0.1816
"5,5-Diphenylhydantoin","57-41-0","DTXSID8020541",45.3972257250946,,26.2116040955631,,36,,19.2,,0.577383390216155,,0.533333333333333,,0.793,0.7325,,,1,1,1,1,1,1,1,1,0.85,0.9894,0.9854,0.8718
"Bifenazate","149877-41-8","DTXSID5032525",30.6370070778564,,10.5606900800986,,15.15,,8.57,,0.344703712515429,,0.565676567656766,,0.4945,0.8115,,,1,1,1,1,1,1,1,1,0.07587,0.9803,0.9806,0.07893
"Thiamethoxam","153719-23-4","DTXSID2034962",11.4457831325301,,12.2636688809402,,9.975,,12,,1.07145738644004,,1.20300751879699,,0.8715,0.9785,,,1,1,1,1,1,1,1,1,0.9091,0.9303,0.9772,1
"Thiram","137-26-8","DTXSID5021332",,,,,,,,,,,,,,,,,0,0,1,0,0,0,0,0,,,,
"Carboxin","5234-68-4","DTXSID0023951",47.2700442695524,,26.813880126183,,48.05,,21.25,,0.567248889662123,,0.442247658688866,,1.0165,0.7925,,,1,1,1,1,1,1,1,1,0.1476,0.9901,0.9755,0.1528
"Bendiocarb","22781-23-3","DTXSID9032327",37.5233354075918,,29.6296296296296,,30.15,,24,,0.789632086481174,,0.796019900497512,,0.8035,0.81,,,1,1,1,1,1,1,1,1,0.1628,0.9856,0.9696,0.1704
"2,2',4,4'-Tetrahydroxybenzophenone","131-55-5","DTXSID5041306",28.8756388415673,,16.1721931355439,,16.95,,13.9,,0.560063561685208,,0.820058997050147,,0.587,0.8595,,,1,1,1,1,1,1,1,1,0.1465,0.9786,0.9831,0.1523
"Cotinine","486-56-6","DTXSID1047576",36.5997638724912,,27.0413573700954,,31,,25.5,,0.738839667499059,,0.82258064516129,,0.847,0.943,,,1,1,1,1,1,1,1,1,,,,
"2-Anisidine","90-04-0","DTXSID5023877",43.3357611070648,,37.7142857142857,,29.75,,33,,0.870280912364946,,1.10924369747899,,0.6865,0.875,,,1,1,1,1,1,1,1,1,0.9742,0.9885,0.9855,1
"Octamethylcyclotetrasiloxane","556-67-2","DTXSID7027205",93.7782805429864,,,,82.9,,,,,,,,0.884,,,,1,0,1,1,0,0,1,0,,,,
"Monomethyl phthalate","4376-18-5","DTXSID9040001",0.714285714285714,,0.888536714210248,,0.52,,0.841,,1.24395139989435,,1.61730769230769,,0.728,0.9465,,,1,1,1,1,1,1,1,1,0.5048,0.5427,0.9302,1
"Valproic acid","99-66-1","DTXSID6023733",,,5.0154990700558,,,,4.045,,,,,,0.4385,0.8065,,,1,1,1,0,1,0,1,1,,,,
"Carbaryl","63-25-2","DTXSID9020247",52.488038277512,,36.3942307692308,,54.85,,37.85,,0.693381424865016,,0.690063810391978,,1.045,1.04,,,1,1,1,1,1,1,1,1,0.1515,0.9917,0.9218,0.1657
"Equilin","474-86-2","DTXSID7047433",40.547263681592,,15.6800618238022,,16.3,,10.145,,0.38671072718825,,0.62239263803681,,0.402,0.647,,,1,1,1,1,1,1,1,1,0.2479,0.9873,0.9849,0.2549
"Iprodione","36734-19-7","DTXSID3024154",38.8565891472868,,28.7218045112782,,20.05,,19.1,,0.739174619841374,,0.952618453865337,,0.516,0.665,,,1,1,1,1,1,1,1,1,0.3189,0.9864,0.985,0.3282
"Bisphenol AF","1478-61-1","DTXSID7037717",,,11.8844022169438,,,,7.505,,,,,,,0.6315,,,0,1,1,0,1,0,0,1,,,,
"Profenofos","41198-08-7","DTXSID3032464",,,16.7632850241546,,,,6.94,,,,,,,0.414,,,0,1,1,0,1,0,0,1,,,,
"Phenolphthalin","81-90-3","DTXSID5022439",0.283823364755588,0.318061593140725,0.323629376282545,0.294248504131115,0.210770799357976,0.333890423208709,0.302204563125708,0.293064568271051,1.14110639158788,0.0625374285497817,1.4369753821904,0.13488427573429,0.742859209,0.93380004025,0.0270691662267489,0.00254564133436749,2,2,2,2,2,2,2,2,0.2565,0.4165,0.9023,0.6825
"Diphenylamine","122-39-4","DTXSID4021975",,,,,,,,,,,,,,,,,0,0,1,0,0,0,0,0,,,,
"Dithiopyr","97886-45-8","DTXSID9032379",,,,,,,,,,,,,,,,,0,0,1,0,0,0,0,0,,,,
"Fluazinam","79622-59-6","DTXSID7032551",,,,,,,,,,,,,,,,,0,0,1,0,0,0,0,0,,,,
"2-Hydroxy-4-methoxybenzophenone","131-57-7","DTXSID3022405",,,19.025,,,,7.61,,,,,,,0.4,,,0,1,2,0,1,0,0,1,,,,
"Triphenyltin hydroxide","76-87-9","DTXSID1021409",,,,,,,,,,,,,,,,,0,0,1,0,0,0,0,0,,,,
"MGK-264","113-48-4","DTXSID6032562",,,24.3730407523511,,,,15.55,,,,,,,0.638,,,0,1,1,0,1,0,0,1,,,,
"Bisphenol A glycidyl methacrylate","1565-94-2","DTXSID7044841",,,,,,,,,,,,,,0.503,,,0,1,1,0,0,0,0,1,,,,
"Fenoxycarb","72490-01-8","DTXSID7032393",,,,,,,,,,,,,,,,,0,0,1,0,0,0,0,0,,,,
"dl-Norgestrel","6533-00-2","DTXSID3047477",31.2870218012151,0.0729671430181575,,,20.4674220173792,0.181400536492143,,,,,,,0.6644042205,,0.164184225903176,,2,0,2,2,0,0,2,0,0.2277,0.9812,0.9837,0.2359
"2,6-Dimethylaniline","87-62-7","DTXSID8026307",53.866203301477,,31.2845303867403,,31,,22.65,,0.580782168953841,,0.730645161290323,,0.5755,0.724,,,1,1,1,1,1,1,1,1,,,,
"Propylparaben","94-13-3","DTXSID4022527",,,2.26351351351351,,,,1.34,,,,,,,0.592,,,0,1,1,0,1,0,0,1,,,,
"2,4,4'-Trihydroxybenzophenone","1470-79-7","DTXSID8044836",46.2601238685088,,22.780487804878,,48.55,,23.35,,0.492443294566828,,0.480947476828012,,1.0495,1.025,,,1,1,1,1,1,1,1,1,0.1333,0.9897,0.9856,0.1367
"8-Hydroxyquinoline","148-24-3","DTXSID5020730",35.1526364477336,,26.2428687856561,,19,,16.1,,0.7465405567709,,0.847368421052632,,0.5405,0.6135,,,1,1,1,1,1,1,1,1,0.05408,0.9841,0.9678,0.05678
"Octabenzone","1843-05-6","DTXSID9027441",,,,,,,,,,,,,1.009,0.6825,,,1,1,1,0,0,0,1,1,,,,
"Fipronil","120068-37-3","DTXSID4034609",36.4690721649485,,25.6410256410256,,28.3,,17,,0.703089607683247,,0.600706713780919,,0.776,0.663,,,1,1,1,1,1,1,1,1,0.9699,0.985,0.9847,1
"Furosemide","54-31-9","DTXSID6020648",0.199107142857143,,4.93658536585366,,0.223,,5.06,,24.7936125998031,,22.6905829596413,,1.12,1.025,,,1,1,1,1,1,1,1,1,0.3065,0.3481,0.8804,1
"Tetrabutyl ethylidenebisphenol","35958-30-6","DTXSID4038899",,,0.0758601240834743,,,,0.06725,,,,,,0.7675,0.8865,,,1,1,1,0,1,0,1,1,,,,
"Isoxaflutole","141112-29-0","DTXSID5034723",1.19813278008299,,20.3272186415468,,1.155,,20.5,,16.9657478532045,,17.7489177489177,,0.964,1.0085,,,1,1,1,1,1,1,1,1,0.1151,0.6303,0.9436,0.1935
"Clothianidin","210880-92-5","DTXSID2034465",14.7249434815373,,16.304347826087,,9.77,,13.5,,1.107260469049,,1.38178096212897,,0.6635,0.828,,,1,1,1,1,1,1,1,1,0.2775,0.9478,0.9136,0.3205
"2,4-Dichlorophenoxyacetic acid","94-75-7","DTXSID0020442",13.3759246805649,,14.4495412844037,,9.945,,12.6,,1.08026485117689,,1.26696832579186,,0.7435,0.872,,,1,1,1,1,1,1,1,1,0.9216,0.9418,0.9785,1
"Cyromazine","66215-27-8","DTXSID6023999",21.945866861741,,20.5308352849336,,15,,13.15,,0.93552172781681,,0.876666666666667,,0.6835,0.6405,,,1,1,1,1,1,1,1,1,0.9512,0.9687,0.9819,1
"Sulfentrazone","122836-35-5","DTXSID6032645",57.9457364341085,,33.8086749851456,,74.75,,28.45,,0.583454056599837,,0.380602006688963,,1.29,0.8415,,,1,1,1,1,1,1,1,1,0.466,0.993,0.901,0.5209
"2,2',6,6'-Tetrachlorobisphenol A","79-95-8","DTXSID3021770",,,4.27828095369669,0.154326051455139,,,2.83759001221195,0.117347332499625,,,,,,0.66445721875,,0.0565080406709585,0,2,2,0,2,0,0,2,,,,
"Prednisolone","50-24-8","DTXSID9021184",6.88311688311688,,24.9716874292186,,4.505,,22.05,,3.62796213594308,,4.8945615982242,,0.6545,0.883,,,1,1,1,1,1,1,1,1,0.4547,0.8844,0.9613,0.5348
"EPTC","759-94-4","DTXSID1024091",,,38.0281690140845,,,,16.2,,,,,,,0.426,,,0,1,1,0,1,0,0,1,,,,
"1,5-Naphthalenediamine","2243-62-1","DTXSID3020916",44.4545454545454,,19.8322348711803,,24.45,,16.55,,0.446123892807738,,0.676891615541922,,0.55,0.8345,,,1,1,1,1,1,1,1,1,0.9748,0.989,0.9856,1
"2-(2-Butoxyethoxy)ethanol","112-34-5","DTXSID8021519",42.1720733427363,,28.8850375505488,,29.9,,25,,0.68493283021201,,0.836120401337793,,0.709,0.8655,,,1,1,1,1,1,1,1,1,,,,
"Oxazepam","604-75-1","DTXSID1021087",41.7789757412399,,20.7627118644068,,38.75,,19.6,,0.496965554948059,,0.505806451612903,,0.9275,0.944,,,1,1,1,1,1,1,1,1,0.5474,0.9879,0.9852,0.5624
"Dichlorophen","97-23-4","DTXSID6021824",,,10.2375133535461,0.243111174118073,,,6.44886501283753,0.258587921230123,,,,,,0.6301249485,,0.0224507131346714,0,2,2,0,2,0,0,2,,,,
"4,4'-(1-Phenylethylidene)bisphenol","1571-75-1","DTXSID5051444",,,3.94543546694648,,,,1.88,,,,,,,0.4765,,,0,1,1,0,1,0,0,1,,,,
"Diphenolic acid","126-00-1","DTXSID0022436",0.825736529792872,0.648748980058616,3.60188741283659,0.0545302687450227,0.665576273786108,0.695468560838168,3.87010332659995,0.0582371685224378,6.56784275163525,6.9439547477265,9.23528680853483,10.1469393203693,0.808372626,1.0744849495,0.0867940000476516,0.00917110353420463,2,2,2,2,2,2,2,2,0.6129,0.6476,0.9464,1
"Chlorpyrifos oxon","5598-15-2","DTXSID1038666",,,10.6902086677368,,,,6.66,,,,,,,0.623,,,0,1,1,0,1,0,0,1,,,,
"Mesotrione","104206-82-8","DTXSID7032424",0.508150248051028,,0.44336569579288,,0.3585,,0.411,,0.872509061037314,,1.14644351464435,,0.7055,0.927,,,1,1,1,1,1,1,1,1,0.4477,0.4869,0.9194,1
"Bisphenol F","2467-02-9","DTXSID4022446",45.409429280397,,9.66986248476875,0.178872315962896,18.3,,7.0579464222297,0.143462052632865,0.284941746571811,,0.487158469945355,,0.403,0.7311044965,,0.0595447499871906,1,2,2,1,2,1,1,2,0.03734,0.9894,0.984,0.03835
"2,3,4-Trihydroxbenzophenone","1143-72-2","DTXSID6037728",42.3014586709887,,46.7741935483871,,26.1,,50.75,,1.10573476702509,,1.94444444444444,,0.617,1.085,,,1,1,1,1,1,1,1,1,0.03572,0.9881,0.9848,0.03671
"Norflurazon","27314-13-2","DTXSID8024234",43.5860058309038,,24.4716351501669,,29.9,,22,,0.561456244582423,,0.735785953177258,,0.686,0.899,,,1,1,1,1,1,1,1,1,0.2743,0.9887,0.9812,0.2827
"Gibberellic acid","77-06-5","DTXSID0020656",,,0.615740740740741,,,,0.665,,,,,,0.752,1.08,,,1,1,1,0,1,0,1,1,,,,
"Theophylline","58-55-9","DTXSID5021336",22.9891956782713,,17.1830985915493,,19.15,,18.3,,0.747442356488802,,0.955613577023499,,0.833,1.065,,,1,1,1,1,1,1,1,1,0.874,0.9705,0.9759,0.9228
"Cladribine","4291-63-8","DTXSID8022828",6.00278551532033,,10.539989811513,,4.31,,10.345,,1.75584981082745,,2.40023201856148,,0.718,0.9815,,,1,1,1,1,1,1,1,1,0.8441,0.8693,0.971,1
"Deisopropylatrazine","1007-28-9","DTXSID0037495",52.4509803921569,,42.5726587728741,,53.5,,39.55,,0.811665643894047,,0.739252336448598,,1.02,0.929,,,1,1,1,1,1,1,1,1,0.9781,0.9917,0.9863,1
"2,4,6-Tribromophenol","118-79-6","DTXSID6021959",49.8933901918977,,8.02325581395349,,23.4,,6.21,,0.160807990459153,,0.265384615384615,,0.469,0.774,,,1,1,1,1,1,1,1,1,,,,
"N,N-Diethylaniline","91-66-7","DTXSID8021800",,,,,,,,,,,,,,,,,0,0,1,0,0,0,0,0,,,,
"Methoxyfenozide","161050-58-4","DTXSID3032628",45.1351351351351,,37.1727748691099,,41.75,,35.5,,0.823588425243753,,0.850299401197605,,0.925,0.955,,,1,1,1,1,1,1,1,1,0.1409,0.9893,0.9855,0.1445
"Novaluron","116714-46-6","DTXSID5034773",,,,,,,,,,,,,0.446,0.644,,,1,1,1,0,0,0,1,1,,,,
"Carbamazepine","298-46-4","DTXSID4022731",39.8270893371758,,35.543920884235,,34.55,,30.55,,0.892455900638897,,0.884225759768452,,0.8675,0.8595,,,1,1,1,1,1,1,1,1,0.7157,0.9869,0.9803,0.7398
"2,2'-Methylenebis(4-methyl-6-tert-butylphenol)","119-47-1","DTXSID4020870",,,0.0779295397107736,1.00459774836361,,,0.0442060037551462,0.848572560095311,,,,,0.4962277305,0.5856584535,0.0993799965856372,0.205992160413991,2,2,2,0,2,0,2,2,,,,
"4-Dimethylaminoantipyrine","58-15-1","DTXSID7020504",45.6140350877193,,24.8741188318228,,41.6,,24.7,,0.545317220543807,,0.59375,,0.912,0.993,,,1,1,1,1,1,1,1,1,0.58,0.9895,0.9251,0.6336
"Chloramphenicol","56-75-7","DTXSID7020265",28.1609195402299,,26.743119266055,,36.75,,29.15,,0.949653622917057,,0.793197278911565,,1.305,1.09,,,1,1,1,1,1,1,1,1,0.8391,0.9779,0.9817,0.8741
"Oxadiazon","19666-30-9","DTXSID3024239",,,,,,,,,,,,,,,,,0,0,1,0,0,0,0,0,,,,
"4,4'-Methylenedianiline","101-77-9","DTXSID6022422",51.531862745098,,20.8969935929029,,42.05,,21.2,,0.405515975548366,,0.504161712247325,,0.816,1.0145,,,1,1,1,1,1,1,1,1,0.5715,0.9914,0.9827,0.5866
"Bromacil","314-40-9","DTXSID4022020",47.4151436031332,,31.6822429906542,,45.4,,33.9,,0.668188274527564,,0.746696035242291,,0.9575,1.07,,,1,1,1,1,1,1,1,1,0.9761,0.9901,0.9859,1
"Ethoprop","13194-48-4","DTXSID4032611",47.719087635054,,25.7250268528464,,39.75,,23.95,,0.539093015557762,,0.60251572327044,,0.833,0.931,,,1,1,1,1,1,1,1,1,0.1419,0.9902,0.9855,0.1454
"Dioctyl phthalate","117-84-0","DTXSID1021956",,,,,,,,,,,,,0.538,0.896,,,1,1,1,0,0,0,1,1,,,,
"Monocrotophos","6923-22-4","DTXSID9034816",17.0386904761905,,12.7689429373246,,11.45,,13.65,,0.749408703395819,,1.19213973799127,,0.672,1.069,,,1,1,1,1,1,1,1,1,0.9375,0.9563,0.9803,1
"Flufenpyr-ethyl","188489-07-8","DTXSID3034618",,,0.179108635097493,,,,0.09645,,,,,,,0.5385,,,0,1,1,0,1,0,0,1,,,,
"9-Phenanthrol","484-17-3","DTXSID9047592",,,,,,,,,,,,,,0.511,,,0,1,1,0,0,0,0,1,,,,
"Cycloate","1134-23-2","DTXSID6032356",41.9391206313416,,20.6739526411658,,18.6,,11.35,,0.492951505180485,,0.610215053763441,,0.4435,0.549,,,1,1,1,1,1,1,1,1,0.07713,0.9879,0.9853,0.07924
"Gemfibrozil","25812-30-0","DTXSID0020652",46.085409252669,,7.53333333333333,,25.9,,6.78,,0.163464607464608,,0.261776061776062,,0.562,0.9,,,1,1,1,1,1,1,1,1,0.06519,0.9897,0.9849,0.06688
"Tris(2-chloroethyl) phosphate","115-96-8","DTXSID5021411",48.7766482419696,0.020603973104015,29.7137885177361,0.114563153960164,45.4566450665851,0.105215516840796,28.1732181648192,0.138103526667772,0.616322990324655,0.132310302761167,0.620670941050594,0.0469569505055446,0.94079190675,0.9488495285,0.182139261249741,0.0514059961905673,2,2,2,2,2,2,2,2,0.9767,0.9906,0.986,1
"Malathion","121-75-5","DTXSID4020791",0.262970297029703,,0.361842105263158,,0.1992,,0.33,,1.3759808972733,,1.6566265060241,,0.7575,0.912,,,1,1,1,1,1,1,1,1,0.002145,0.3866,0.4885,0.01136
"2-Ethylhexylparaben","5153-25-3","DTXSID4022525",,,1.0470297029703,,,,0.423,,,,,,,0.404,,,0,1,1,0,1,0,0,1,,,,
"Heptylparaben","1085-12-7","DTXSID4022523",,,48.6547085201794,,,,21.7,,,,,,,0.446,,,0,1,1,0,1,0,0,1,,,,
"2,4,5-Trichlorophenoxyacetic acid","93-76-5","DTXSID5021388",8.48891873740766,,24.7178329571106,,6.32,,21.9,,2.9117763665457,,3.46518987341772,,0.7445,0.886,,,1,1,1,1,1,1,1,1,0.8823,0.9053,0.9746,1
"Diazinon","333-41-5","DTXSID9020407",,,15.7475380483438,,,,8.795,,,,,,,0.5585,,,0,1,1,0,1,0,0,1,,,,
"Propoxur","114-26-1","DTXSID7021948",37.7236936292054,,34.367396593674,,26.35,,28.25,,0.91102946947557,,1.07210626185958,,0.6985,0.822,,,1,1,1,1,1,1,1,1,0.3796,0.9857,0.9789,0.3934
"Flumiclorac-pentyl","87546-18-7","DTXSID2032554",,,,,,,,,,,,,,,,,0,0,1,0,0,0,0,0,,,,
"TDCPP","13674-87-8","DTXSID9026261",31.0077519379845,,19.6026490066225,,14,,14.8,,0.632185430463576,,1.05714285714286,,0.4515,0.755,,,1,1,1,1,1,1,1,1,0.3201,0.9807,0.9839,0.3317
"Benzylparaben","94-18-8","DTXSID9022526",,,0.84027105517909,,,,0.434,,,,,,,0.5165,,,0,1,1,0,1,0,0,1,,,,
"Trinexapac-ethyl","95266-40-3","DTXSID9032535",55.2808988764045,,7.60408483896308,,24.6,,4.84,,0.137553567208885,,0.196747967479675,,0.445,0.6365,,,1,1,1,1,1,1,1,1,0.5239,0.9924,0.9853,0.5358
"Propoxycarbazone-sodium","181274-15-7","DTXSID9034864",0.0636300417246175,,1.09333333333333,,0.04575,,1.025,,17.1826593806922,,22.4043715846995,,0.719,0.9375,,,1,1,1,1,1,1,1,1,0.1775,0.219,0.8103,1
"Basic Blue 7","2390-60-5","DTXSID5038888",0.0138373424971363,,0.951073985680191,,0.00604,,0.3985,,68.7324163492389,,65.976821192053,,0.4365,0.419,,,1,1,1,1,1,1,1,1,0.01346,0.1109,0.6708,0.181
"Trichlorfon","52-68-6","DTXSID0021389",30.2872062663185,,31.3904068002429,,23.2,,25.85,,1.03642463831836,,1.11422413793103,,0.766,0.8235,,,1,1,1,1,1,1,1,1,0.1178,0.9801,0.7527,0.1597
"Diisobutyl phthalate","84-69-5","DTXSID9022522",,,,,,,,,,,,,,0.489,,,0,1,1,0,0,0,0,1,,,,
"Ethylparaben","120-47-8","DTXSID9022528",,,0.531645569620253,,,,0.231,,,,,,,0.4345,,,0,1,1,0,1,0,0,1,,,,
"Metribuzin","21087-64-9","DTXSID6024204",40.7715582450832,,22.5110619469027,,26.95,,20.35,,0.552126602853531,,0.755102040816327,,0.661,0.904,,,1,1,1,1,1,1,1,1,0.8122,0.9874,0.9818,0.8378
"7,12-Dimethylbenz(a)anthracene","57-97-6","DTXSID1020510",,,8.83956386292835,,,,5.675,,,,,,,0.642,,,0,1,1,0,1,0,0,1,,,,
"Clodinafop-propargyl","105512-06-9","DTXSID6032354",,,,,,,,,,,,,,,,,0,0,1,0,0,0,0,0,,,,
"Triethylene glycol bis(2-ethylhexanoate)","94-28-0","DTXSID3026564",,,,,,,,,,,,,,,,,0,0,1,0,0,0,0,0,,,,
"2-Methoxy-5-methylaniline","120-71-8","DTXSID1020350",43.6619718309859,,22.880720180045,,21.7,,15.25,,0.524042300897805,,0.702764976958525,,0.497,0.6665,,,1,1,1,1,1,1,1,1,0.1982,0.9887,0.9427,0.2126
"Simazine","122-34-9","DTXSID4021268",41.5552855407047,,22.6206896551724,,34.2,,16.4,,0.544351683807219,,0.47953216374269,,0.823,0.725,,,1,1,1,1,1,1,1,1,0.464,0.9878,0.9794,0.4796
"Molinate","2212-67-1","DTXSID6024206",35.1247600767754,,29.7278911564626,,18.3,,21.85,,0.846351436749563,,1.19398907103825,,0.521,0.735,,,1,1,1,1,1,1,1,1,0.9687,0.984,0.9845,1
"Iodosulfuron-methyl-sodium","144550-36-7","DTXSID2034673",4.77936606587943,,10.0203458799593,,3.845,,9.85,,2.09658472312803,,2.56176853055917,,0.8045,0.983,,,1,1,1,1,1,1,1,1,0.3334,0.8421,0.9683,0.4089
"Clomazone","81777-89-1","DTXSID1032355",44.416456759026,,17.809021675454,,26.45,,15.2,,0.400955478553227,,0.574669187145558,,0.5955,0.8535,,,1,1,1,1,1,1,1,1,0.5695,0.989,0.9846,0.5848
"Clopyralid","1702-17-6","DTXSID9029221",,,2.96760710553814,,,,2.84,,,,,,0.7345,0.957,,,1,1,1,0,1,0,1,1,,,,
"Caprolactam","105-60-2","DTXSID4020240",35.2152124723196,0.0300907258042409,27.7013961917475,0.0458854575475565,22.6334154025635,0.144104208947829,24.0120338536743,0.0852525565766885,0.792657831465513,0.137965836805165,1.06578491688907,0.143985111135853,0.6687408375,0.868597943,0.261262997916664,0.0786273650306463,2,2,2,2,2,2,2,2,0.9688,0.9841,0.9845,1
"Propanil","709-98-8","DTXSID8022111",46.6305189775368,,25.4150702426565,,30.1,,19.9,,0.54503082530348,,0.661129568106312,,0.6455,0.783,,,1,1,1,1,1,1,1,1,0.232,0.9898,0.9853,0.2379
"Tridemorph","24602-86-6","DTXSID3041376",,,,,,,,,,,,,,,,,0,0,1,0,0,0,0,0,,,,
"Triadimenol","55219-65-3","DTXSID0032493",,,25.3164556962025,,,,17,,,,,,,0.6715,,,0,1,1,0,1,0,0,1,,,,
"Butylate","2008-41-5","DTXSID7023936",,,,,,,,,,,,,,,,,0,0,1,0,0,0,0,0,,,,
"Fenthion","55-38-9","DTXSID8020620",44.9170124481328,,22.7917981072555,,21.65,,14.45,,0.507420170332432,,0.66743648960739,,0.482,0.634,,,1,1,1,1,1,1,1,1,0.02797,0.9892,0.9856,0.02869
"Benzidine","92-87-5","DTXSID2020137",42.1997755331089,,19.9335548172757,,18.8,,12,,0.472361631441295,,0.638297872340426,,0.4455,0.602,,,1,1,1,1,1,1,1,1,0.3844,0.9881,0.9806,0.3967
"Imazalil","35554-44-0","DTXSID8024151",31.3508920985556,,24.6905537459283,,18.45,,18.95,,0.787555061218365,,1.02710027100271,,0.5885,0.7675,,,1,1,1,1,1,1,1,1,0.9653,0.9811,0.9839,1
"Tetramethrin","7696-12-0","DTXSID6032649",,,,,,,,,,,,,,,,,0,0,1,0,0,0,0,0,,,,
"Tolcapone","134308-13-7","DTXSID3023685",50.2024291497976,,14.1232794733692,,31,,11.8,,0.281326615316307,,0.380645161290323,,0.6175,0.8355,,,1,1,1,1,1,1,1,1,0.1356,0.991,0.986,0.1388
"Caffeine","58-08-2","DTXSID0020232",39.6792189679219,,43.5536294691224,,28.45,,40.2,,1.09764331561901,,1.41300527240773,,0.717,0.923,,,1,1,1,1,1,1,1,1,0.9318,0.9868,0.9799,0.9636
"EPN","2104-64-5","DTXSID7022174",,,,,,,,,,,,,,,,,0,0,1,0,0,0,0,0,,,,
"Thiobencarb","28249-77-6","DTXSID6024337",,,,,,,,,,,,,,,,,0,0,2,0,0,0,0,0,,,,
"Diuron","330-54-1","DTXSID0020446",50.1035196687371,,37.246963562753,,36.3,,27.6,,0.743400140529327,,0.760330578512397,,0.7245,0.741,,,1,1,1,1,1,1,1,1,0.2908,0.991,0.9835,0.2984
"2,4-Dinitrophenol","51-28-5","DTXSID0020523",60.1388888888889,,27.7257030093735,,86.6,,28.1,,0.461027856045009,,0.324480369515012,,1.44,1.0135,,,1,1,1,1,1,1,1,1,0.9803,0.9934,0.9868,1
"Thidiazuron","51707-55-2","DTXSID0032651",40.8264462809917,,67.7212061295106,,49.4,,68.5,,1.65875828778761,,1.38663967611336,,1.21,1.0115,,,1,1,1,1,1,1,1,1,0.9728,0.9874,0.9852,1
"Zoxamide","156052-68-5","DTXSID9032581",,,0.276807980049875,,,,0.111,,,,,,,0.401,,,0,1,1,0,1,0,0,1,,,,
"1-Chloro-4-nitrobenzene","100-00-5","DTXSID5020281",3.69377990430622,,17.2535211267606,,1.93,,14.7,,4.67096621177844,,7.61658031088083,,0.5225,0.852,,,1,1,1,1,1,1,1,1,,,,
"17-Methyltestosterone","58-18-4","DTXSID1033664",35.7886904761905,,28.9400278940028,,24.05,,20.75,,0.808636122443654,,0.862785862785863,,0.672,0.717,,,1,1,1,1,1,1,1,1,0.1878,0.9845,0.9844,0.1938
"Dibutyl hexanedioate","105-99-7","DTXSID2021866",,,,,,,,,,,,,,,,,0,0,1,0,0,0,0,0,,,,
"Pyrithiobac-sodium","123343-16-8","DTXSID8032673",,,,,,,,,,,,,0.663,1.085,,,1,1,1,0,0,0,1,1,,,,
"Acephate","30560-19-1","DTXSID8023846",5.54593874833555,,4.00900900900901,,4.165,,3.56,,0.722872932956967,,0.854741896758704,,0.751,0.888,,,1,1,1,1,1,1,1,1,0.8346,0.8603,0.9701,1
"3,3'-Dimethylbenzidine","119-93-7","DTXSID5024059",40.3472222222222,,27.6989512646514,,29.05,,22.45,,0.686514454752118,,0.772805507745267,,0.72,0.8105,,,1,1,1,1,1,1,1,1,0.9726,0.9872,0.9852,1
"Benzophenone","119-61-9","DTXSID0021961",,,23.6467236467237,,,,12.45,,,,,,,0.5265,,,0,1,1,0,1,0,0,1,,,,
"N-Phenyl-1,4-benzenediamine","101-54-2","DTXSID7025895",,,14.5957756737072,,,,10.02,,,,,,,0.6865,,,0,1,1,0,1,0,0,1,,,,
"Alachlor","15972-60-8","DTXSID1022265",,,15.9824046920821,,,,10.9,,,,,,,0.682,,,0,1,1,0,1,0,0,1,,,,
"Diisopropyl methylphosphonate","1445-75-6","DTXSID5024051",47.9310344827586,,39.7673188789001,,48.65,,37.6,,0.829677875890721,,0.772867420349435,,1.015,0.9455,,,1,1,1,1,1,1,1,1,,,,
"Quercetin","117-39-5","DTXSID4021218",,,34.2153284671533,,,,18.75,,,,,,,0.548,,,0,1,1,0,1,0,0,1,,,,
"Imazaquin","81335-37-7","DTXSID3024152",3.07549504950495,,2.07750269106566,,2.485,,1.93,,0.675501881038654,,0.776659959758551,,0.808,0.929,,,1,1,1,1,1,1,1,1,0.481,0.7818,0.9595,0.6412
"Butylparaben","94-26-8","DTXSID3020209",,,,,,,,,,,,,,0.5425,,,0,1,1,0,0,0,0,1,,,,
"Dimethyl methylphosphonate","756-79-6","DTXSID0020494",38.1431105854524,,28.9366053169734,,32.25,,28.3,,0.758632551798481,,0.877519379844961,,0.8455,0.978,,,1,1,1,1,1,1,1,1,,,,
"Methylparaben","99-76-3","DTXSID4022529",,,0.368177613320999,,,,0.199,,,,,,,0.5405,,,0,1,1,0,1,0,0,1,,,,
"Azamethiphos","35575-96-3","DTXSID9034818",,,7.07456978967495,,,,5.55,,,,,,,0.7845,,,0,1,1,0,1,0,0,1,,,,
"Reserpine","50-55-5","DTXSID7021237",13.0200633579725,,17.4732872407291,,6.165,,13.9,,1.34202781970563,,2.25466342254663,,0.4735,0.7955,,,1,1,1,1,1,1,1,1,0.9194,0.9398,0.9783,1
"17beta-Trenbolone","10161-33-8","DTXSID0034192",,,7.6356050069541,,,,5.49,,,,,,,0.719,,,0,1,1,0,1,0,0,1,,,,
"Methomyl","16752-77-5","DTXSID1022267",51.7889908256881,,38.6923901393355,,56.45,,36.1,,0.74711612492251,,0.639503985828166,,1.09,0.933,,,1,1,1,1,1,1,1,1,0.7192,0.9915,0.9691,0.7485
"Butachlor","23184-66-9","DTXSID3034402",,,,,,,,,,,,,,,,,0,0,1,0,0,0,0,0,,,,
"Hexythiazox","78587-05-0","DTXSID7024299",,,11.7361111111111,,,,5.07,,,,,,,0.432,,,0,1,1,0,1,0,0,1,,,,
"Quinclorac","84087-01-4","DTXSID6032641",2.57575757575758,,1.55937846836848,,2.04,,1.405,,0.605405758307763,,0.688725490196078,,0.792,0.901,,,1,1,1,1,1,1,1,1,0.7245,0.7552,0.9593,1
"MCPA","94-74-6","DTXSID4024195",21.5956808638272,,11.7297297297297,,18,,10.85,,0.543151651651652,,0.602777777777778,,0.8335,0.925,,,1,1,1,1,1,1,1,1,0.9503,0.9679,0.9818,1
"4-Chloro-2-methylaniline","95-69-2","DTXSID1041508",45.3414224190849,0.029438779230364,38.7345062843746,0.0140844698164296,23.5552177582802,0.112898156592237,21.7935174077981,0.00547806734622702,0.85643104996652,0.0856847033908263,0.939396723438696,0.230013482001846,0.52431145875,0.56292373875,0.100142525335673,0.0253479944286822,2,2,2,2,2,2,2,2,,,,
"Tolbutamide","64-77-7","DTXSID8021359",47.1861471861472,,12.8191489361702,,43.6,,12.05,,0.271671871950029,,0.276376146788991,,0.924,0.94,,,1,1,1,1,1,1,1,1,0.763,0.9901,0.9858,0.7817
"Acetochlor","34256-82-1","DTXSID8023848",38.1858902575588,,22.4755700325733,,17.05,,17.25,,0.588583109650673,,1.01173020527859,,0.4465,0.7675,,,1,1,1,1,1,1,1,1,0.05096,0.986,0.9747,0.05303
"4,4'-Sulfonyldiphenol","80-09-1","DTXSID3022409",36.0179856273257,0.0275258792661971,19.1652358215947,0.00579458236183601,34.7792074754012,0.023933527046666,17.8947068902231,0.0172185322161019,0.532885062893062,0.0408445825849413,0.514553887683285,0.00795563649465296,0.968997893,0.93386810525,0.114548318804245,0.0245622099972733,2,2,2,2,2,2,2,2,0.9695,0.9847,0.9846,1
"Fluazifop-P-butyl","79241-46-6","DTXSID0034855",,,0.160187353629977,,,,0.0684,,,,,,,0.427,,,0,1,1,0,1,0,0,1,,,,
"Acetamiprid","135410-20-7","DTXSID0034300",42.3789599521817,,25.2674477840041,,35.45,,24.8,,0.596226236144412,,0.699576868829337,,0.8365,0.9815,,,1,1,1,1,1,1,1,1,0.9737,0.9881,0.9854,1
"Thiacloprid","111988-49-9","DTXSID7034961",41.7214584578601,,32.4708269913749,,34.9,,32,,0.778276411985247,,0.916905444126075,,0.8365,0.9855,,,1,1,1,1,1,1,1,1,0.6335,0.9878,0.9817,0.6533
"Allethrin","584-79-2","DTXSID8035180",,,4.58920187793427,,,,1.955,,,,,,,0.426,,,0,1,1,0,1,0,0,1,,,,
"Troglitazone","97322-87-7","DTXSID8023719",,,1.68193832599119,,,,0.9545,,,,,,,0.5675,,,0,1,1,0,1,0,0,1,,,,
"4-Aminofolic acid","54-62-6","DTXSID3022588",,,0.0765130483064964,,,,0.0689,,,,,,0.7125,0.9005,,,1,1,1,0,1,0,1,1,,,,
"Cyanazine","21725-46-2","DTXSID1023990",41.8153607447634,,30.9497206703911,,26.95,,27.7,,0.740151947015475,,1.0278293135436,,0.6445,0.895,,,1,1,1,1,1,1,1,1,0.9734,0.9879,0.9853,1
"Cycloheximide","66-81-9","DTXSID6024882",18.075422626788,,17.1454219030521,,13.9,,19.1,,0.948548880823528,,1.37410071942446,,0.769,1.114,,,1,1,1,1,1,1,1,1,0.7073,0.9596,0.9647,0.764
"Tamoxifen","10540-29-1","DTXSID1034187",,,5.00559910414334,,,,2.235,,,,,,,0.4465,,,0,1,1,0,1,0,0,1,,,,
"Fluopicolide","239110-15-7","DTXSID7034624",37.9893238434164,,34.1278439869989,,21.35,,15.75,,0.898353551320534,,0.737704918032787,,0.562,0.4615,,,1,1,1,1,1,1,1,1,,,,
"Pirinixic acid","50892-23-4","DTXSID4020290",6.13543091655267,,26.4248704663212,,4.485,,22.95,,4.30692983520197,,5.11705685618729,,0.731,0.8685,,,1,1,1,1,1,1,1,1,0.2918,0.872,0.9712,0.3445
"Rhodamine 6G","989-38-8","DTXSID1021243",1.75248767551154,,46.8442666947734,,1.085436561,,42.174360085,,26.7301547105602,,38.8547443492646,,0.6193690125,0.9003099645,,,1,1,1,1,1,1,1,1,0.6602,0.6933,0.9522,1
"Amiodarone hydrochloride","19774-82-4","DTXSID7037185",,,,,,,,,,,,,,,,,0,0,1,0,0,0,0,0,,,,
"Folic acid","59-30-3","DTXSID0022519",1.19249862192963,,0.100213516181484,,0.9729454665,,0.096603014,,0.0840365886707058,,0.0992892380160959,,0.8158881265,0.963971904,,,1,1,1,1,1,1,1,1,,,,
"Diclofenac sodium","15307-79-6","DTXSID3037208",55.8896730117598,,14.3540252198452,,43.795554565,,10.92699989,,0.256827861863228,,0.249500206094719,,0.7836072785,0.761249874,,,1,1,1,1,1,1,1,1,0.08814,0.9925,0.9865,0.09002
"Bispyribac-sodium","125401-92-5","DTXSID7034383",0.961421875394828,,1.7909274252857,,0.8642668775,,1.8222756685,,1.86279038486639,,2.1084640820335,,0.8989465495,1.017503916,,,1,1,1,1,1,1,1,1,0.5562,0.5927,0.9385,1
"Methotrexate","59-05-2","DTXSID4020822",0.565272434073851,,0.256585866601971,,0.5320605995,,0.234039043,,0.453915406333875,,0.439872907747607,,0.941246322,0.91212757,,,1,1,1,1,1,1,1,1,0.4653,0.5041,0.923,1
"Hydramethylnon","67485-29-4","DTXSID6023868",0.000656395454179423,,0.418277291086646,,0.000436112,,0.27517624,,637.233680433613,,630.976079539201,,0.6644043575,0.657879942,,,1,1,1,1,1,1,1,1,0.003304,0.02604,0.3144,0.4036
"Disulfiram","97-77-8","DTXSID1021322",,,,,,,,,,,,,,,,,0,0,1,0,0,0,0,0,,,,
"Chlorpromazine hydrochloride","69-09-0","DTXSID7024827",24.696329243756,,33.6472259894097,,10.1318446755,,24.489734885,,1.36243834690197,,2.41710524286057,,0.4102571105,0.727838155,,,1,1,1,1,1,1,1,1,0.9564,0.9733,0.9826,1
"Mifepristone","84371-65-3","DTXSID5023322",32.2651702369015,,19.3313708979577,,16.444012365,,18.079437885,,0.599140520754126,,1.09945416506016,,0.5096521185,0.9352382705,,,1,1,1,1,1,1,1,1,0.02287,0.9819,0.9841,0.02367
"Azathioprine","446-86-6","DTXSID4020119",0.274048089430955,,0.702380286869762,,0.2574719105,,0.6579286115,,2.56298187784565,,2.55534131945628,,0.9395136125,0.936712809,,,1,1,1,1,1,1,1,1,0.3514,0.3924,0.8954,1
"Pioglitazone hydrochloride","112529-15-4","DTXSID3044203",3.43964170250608,,4.542170499827,,2.743668642,,2.7480937305,,1.320535943182,,1.00161283634338,,0.797661175,0.60501774,,,1,1,1,1,1,1,1,1,0.2068,0.7979,0.9638,0.2689
"Cyclopamine","4449-51-8","DTXSID6043709",24.2367218759758,,22.005505095979,,12.866396675,,18.36065761,,0.907940653384795,,1.42702405916612,,0.530863734,0.834366561,,,1,1,1,1,1,1,1,1,0.09183,0.9725,0.9764,0.09671
"PharmaGSID_48510","460081-99-6","DTXSID9048510",27.9696714406066,,18.0254237288136,,16.6,,10.635,,0.644463191750051,,0.64066265060241,,0.5935,0.59,,,1,1,1,1,1,1,1,1,0.281,0.9776,0.9833,0.2923
"PharmaGSID_48505","NOCAS_48505","DTXSID0048505",,,,,,,,,,,,,,,,,0,0,1,0,0,0,0,0,,,,
"2-Methylaniline","95-53-4","DTXSID1026164",,,25.7211538461538,,,,10.7,,,,,,,0.416,,,0,1,1,0,1,0,0,1,,,,
"Methyl 2-aminobenzoate","134-20-3","DTXSID6025567",,,1.07889687552428,0.0607457523765517,,,0.499445558129212,0.0327647426333311,,,,,,0.463402912,,0.0298357879761787,0,2,2,0,2,0,0,2,,,,
"Isoproterenol hydrochloride","51-30-9","DTXSID6025486",0.4828650432395,0.41263722726155,,,0.296603438447702,0.296596068989606,,,,,,,0.625253494,1.0695,0.165104492144872,,2,1,2,2,0,0,2,1,0.4742,0.5128,0.9247,1
"4-Pentylaniline","33228-44-3","DTXSID0040707",,,23.5517952914087,,,,9.799281113,,,,,,,0.4160736365,,,0,1,2,0,1,0,0,1,,,,
"Dapsone","80-08-0","DTXSID4020371",23.5087719298246,,44.703557312253,,23.45,,56.55,,1.90156922895404,,2.41151385927505,,0.9975,1.265,,,1,1,1,1,1,1,1,1,0.9541,0.9713,0.9823,1
"PD-0333941","501027-49-2","DTXSID2047307",40.7358738501971,,12.5095057034221,,31,,11.515,,0.307088188396909,,0.371451612903226,,0.761,0.9205,,,1,1,1,1,1,1,1,1,0.1728,0.9873,0.9852,0.1777
"4-Methylaniline","106-49-0","DTXSID6021872",57.3170731707317,,30.5483028720627,,23.5,,17.55,,0.532970390533859,,0.746808510638298,,0.41,0.5745,,,1,1,1,1,1,1,1,1,,,,
"3-Methylaniline","108-44-1","DTXSID1026792",,,30.6083650190114,,,,16.1,,,,,,,0.526,,,0,1,1,0,1,0,0,1,,,,
"CI-1044","NOCAS_47291","DTXSID5047291",20.9511568123393,,71.1135611907387,,16.3,,64.5,,3.39425463842912,,3.95705521472393,,0.778,0.907,,,1,1,1,1,1,1,1,1,,,,
"SSR162369","NOCAS_47346","DTXSID3047346",8.06354009077156,,33.5539377895433,,5.33,,25.35,,4.16119190973511,,4.75609756097561,,0.661,0.7555,,,1,1,1,1,1,1,1,1,,,,
"Hexachlorocyclopentadiene","77-47-4","DTXSID2020688",6.83959083145828,,35.4923145251838,,7.9626075785,,33.141877575,,5.18924529256035,,4.1621889874979,,1.164193557,0.9337761715,,,1,1,1,1,1,1,1,1,,,,
"Clofentezine","74115-24-5","DTXSID9023881",,,,,,,,,,,,,,,,,0,0,1,0,0,0,0,0,,,,
"Chlorhexidine diacetate","56-95-1","DTXSID7032345",,,0.326085622007206,,,,0.394366643,,,,,,,1.209395988,,,0,1,1,0,1,0,0,1,,,,
"Clotrimazole","23593-75-1","DTXSID7029871",,,,,,,,,,,,,,,,,0,0,1,0,0,0,0,0,,,,
"Bensulfuron-methyl","83055-99-6","DTXSID7024164",55.0597297329114,,12.3137136319487,,40.391838875,,10.0136755255,,0.223642827374583,,0.247913336069922,,0.733600384,0.813213286,,,1,1,1,1,1,1,1,1,0.6913,0.9924,0.9865,0.7061
"Isopropalin","33820-53-0","DTXSID8024157",,,,,,,,,,,,,,,,,0,0,1,0,0,0,0,0,,,,
"(-)-Epigallocatechin gallate","989-51-5","DTXSID1029889",0.00116523400191022,,,,0.00122,,,,,,,,1.047,1.115,,,1,1,1,1,0,0,1,1,,,,
"2-Chloro-N-phenylacetamide","587-65-5","DTXSID3041409",66.9135802469136,,12.4330755502677,,27.1,,10.45,,0.185807955640532,,0.385608856088561,,0.405,0.8405,,,1,1,1,1,1,1,1,1,0.108,0.9946,0.9113,0.1192
"Fenuron","101-42-8","DTXSID7037551",52.9531568228106,,32.7577184720042,,52,,31.3,,0.61861691422131,,0.601923076923077,,0.982,0.9555,,,1,1,1,1,1,1,1,1,0.6408,0.9918,0.9718,0.6648
"Tributyltetradecylphosphonium chloride","81741-28-8","DTXSID9034997",,,39.7119341563786,,,,28.95,,,,,,,0.729,,,0,1,1,0,1,0,0,1,,,,
"Methylene blue","61-73-4","DTXSID0023296",3.62956810631229,,26.3101604278075,,2.185,,24.6,,7.24884053891996,,11.2585812356979,,0.602,0.935,,,1,1,1,1,1,1,1,1,0.1946,0.8054,0.9351,0.2584
"4-Butylaniline","104-13-2","DTXSID8021856",54.7584187408492,,24.6145059965734,,37.4,,21.55,,0.449510898279669,,0.57620320855615,,0.683,0.8755,,,1,1,1,1,1,1,1,1,0.1146,0.9923,0.9855,0.1172
"4-tert-Butylaniline","769-92-6","DTXSID0048181",61.2512613521695,,23.6786469344609,,30.35,,16.8,,0.386582192949765,,0.553542009884679,,0.4955,0.7095,,,1,1,1,1,1,1,1,1,0.2722,0.9936,0.9848,0.2782
"4-Butyloxyaniline","4344-55-2","DTXSID4048199",59.3686354378819,,21.5153681200858,,29.15,,15.05,,0.362402941576745,,0.516295025728988,,0.491,0.6995,,,1,1,1,1,1,1,1,1,0.1305,0.9933,0.9748,0.1348
"3,5-Dichloroaniline","626-43-7","DTXSID7030307",,,32.0293398533007,,,,13.1,,,,,,,0.409,,,0,1,1,0,1,0,0,1,,,,
"4-Ethoxyaniline","156-43-4","DTXSID0025864",62.2356495468278,,16.5236051502146,,30.9,,15.4,,0.265500645860244,,0.498381877022654,,0.4965,0.932,,,1,1,1,1,1,1,1,1,0.2676,0.9938,0.9412,0.2861
"Leucomalachite green","129-73-7","DTXSID7031531",,,6.64797507788162,,,,5.335,,,,,,,0.8025,,,0,1,1,0,1,0,0,1,,,,
"Sulfamethazine","57-68-1","DTXSID6021290",26.3102725366876,,15.1694915254237,,25.1,,17.9,,0.576561550408535,,0.713147410358566,,0.954,1.18,,,1,1,1,1,1,1,1,1,0.9589,0.9755,0.983,1
"2-Mercaptobenzimidazole","583-39-1","DTXSID9025536",43.2169433314253,,36.7102396514161,,37.75,,33.7,,0.849440909549986,,0.89271523178808,,0.8735,0.918,,,1,1,1,1,1,1,1,1,0.9742,0.9885,0.9855,1
"4-Anilinophenol","122-37-2","DTXSID5037739",44.0303657694962,,28.0767181672882,,31.9,,26.35,,0.637667157122267,,0.82601880877743,,0.7245,0.9385,,,1,1,1,1,1,1,1,1,0.04483,0.9888,0.9822,0.04616
"4-Aminobenzoic acid","150-13-0","DTXSID6024466",10.955223880597,,1.38816134101624,,5.505,,1.325,,0.126712274997395,,0.240690281562216,,0.5025,0.9545,,,1,1,1,1,1,1,1,1,0.9061,0.9275,0.9769,1
"3-Chloro-4-methylaniline","95-74-9","DTXSID0020286",,,20.1639344262295,,,,12.3,,,,,,,0.61,,,0,1,1,0,1,0,0,1,,,,
"1,3-Dichlorobenzene","541-73-1","DTXSID6022056",,,,,,,,,,,,,,,,,0,0,1,0,0,0,0,0,,,,
"2,2'-Methylenebis(ethyl-6-tert-butylphenol)","88-24-4","DTXSID7038864",,,9.06687402799378,,,,5.83,,,,,,0.8835,0.643,,,1,1,1,0,1,0,1,1,,,,
"2,4,6-Tris(tert-butyl)phenol","732-26-3","DTXSID2021311",0.254835039817975,,1.05660377358491,,0.112,,0.644,,4.14622641509434,,5.75,,0.4395,0.6095,,,1,1,1,1,1,1,1,1,,,,
"2,4-Dimethylphenol","105-67-9","DTXSID2021864",,,20.4501607717042,,,,15.9,,,,,,,0.7775,,,0,1,1,0,1,0,0,1,,,,
"Benzothiazole","95-16-9","DTXSID7024586",,,26.8339768339768,,,,13.9,,,,,,,0.518,,,0,1,1,0,1,0,0,1,,,,
"2,5-Dimethylphenol","95-87-4","DTXSID6025145",53.4684333593141,,20.6359506813757,,34.3,,15.9,,0.385946424551094,,0.463556851311953,,0.6415,0.7705,,,1,1,1,1,1,1,1,1,,,,
"1-Octanol","111-87-5","DTXSID7021940",,,,,,,,,,,,,,,,,0,0,1,0,0,0,0,0,,,,
"3,4-Diaminotoluene","496-72-0","DTXSID9024930",,,69.2878338278932,,,,70.05,,,,,,,1.011,,,0,1,1,0,1,0,0,1,,,,
"1-Decanol","112-30-1","DTXSID7021946",,,,,,,,,,,,,,,,,0,0,1,0,0,0,0,0,,,,
"2,3-Dimethylphenol","526-75-0","DTXSID6025143",56.280193236715,,63.911727744818,0.400671305151814,23.3,,59.4788413463141,0.570344746071548,0.591435762136926,,1.00858369098712,,0.414,0.9663794005,,0.368232079549676,1,2,2,1,2,1,1,2,,,,
"2-Methyl-5-nitroaniline","99-55-8","DTXSID4020959",59.3007575626801,,50.3644325592338,,46.37793093,,45.268359175,,0.849305044813286,,0.976075436468377,,0.7820799065,0.898816027,,,1,1,1,1,1,1,1,1,,,,
"2,5-Bis(2-methylbutan-2-yl)benzene-1,4-diol","79-74-3","DTXSID5044992",,,66.0695671397147,,,,85.541855765,,,,,,,1.294724023,,,0,1,1,0,1,0,0,1,,,,
"2-tert-Butyl-4-ethylphenol","96-70-8","DTXSID4044581",,,25.4931877371824,,,,10.58311365,,,,,,,0.415134967,,,0,1,1,0,1,0,0,1,,,,
"2-Methoxy-4-propylphenol","2785-87-7","DTXSID2047199",,,22.199437984306,,,,13.6543587,,,,,,,0.615076774,,,0,1,1,0,1,0,0,1,,,,
"1-Naphthol","90-15-3","DTXSID6021793",48.2117215236087,,23.3902895453085,,23.851481135,,16.602106815,,0.48515773355769,,0.696061880645133,,0.4947236975,0.709786289,,,1,1,1,1,1,1,1,1,0.9764,0.9904,0.9859,1
"2-Methoxyphenol","90-05-1","DTXSID0023113",64.5912184753903,,37.1173218792519,,84.796918985,,18.26618112,,0.574649662219854,,0.215410905710279,,1.312824266,0.492120126,,,1,1,1,1,1,1,1,1,0.09307,0.9942,0.8183,0.1144
"2-tert-Butyl-4-methylphenol","2409-55-4","DTXSID2020212",49.8711422582375,,46.4865861350555,,39.77829906,,24.71305551,,0.932133976285196,,0.621269790161812,,0.7976215755,0.531616915,,,1,1,1,1,1,1,1,1,0.1031,0.9909,0.986,0.1055
"3-Dimethylaminophenol","99-07-0","DTXSID0025101",51.3214300257741,,33.144044444341,0.274130715744906,56.506702615,,29.6921361973738,0.219478886211008,1.00912842986588,,0.7511669776451,,1.101035232,0.89940030475,,0.112883197239402,1,2,2,1,2,1,1,2,0.9777,0.9914,0.9862,1
"3-Isopropylphenol","618-45-1","DTXSID0044571",39.5990191339596,,37.1213707259167,,26.187626165,,27.18436681,,0.937431571230055,,1.03806151190336,,0.6613200715,0.732310426,,,1,1,1,1,1,1,1,1,0.1555,0.9868,0.9829,0.1603
"3-tert-Butylphenol","585-34-2","DTXSID9044825",29.811496145048,,44.6011727038421,,15.6669232,,27.488673415,,1.49610648478811,,1.7545674453169,,0.5255329395,0.6163217635,,,1,1,1,1,1,1,1,1,0.0755,0.9796,0.9815,0.07852
"2,3-Dihydro-2,2-dimethyl-7-benzofuranol","1563-38-8","DTXSID2027414",37.4898542370619,,52.4638953894583,,31.629427195,,41.93904668,,1.39941582748522,,1.32595024315299,,0.8436796525,0.7993887295,,,1,1,1,1,1,1,1,1,0.9706,0.9856,0.9848,1
"4-Propylanilline","2696-84-6","DTXSID5048180",30.1516975731318,,23.8719246228615,0.234440621748289,13.35897202,,13.0265287638845,0.31271219692974,1.15971218289209,,1.62246963483048,,0.443058703,0.5501212555,,0.0986134037393765,1,2,2,1,2,1,1,2,0.1871,0.98,0.9791,0.195
"4-Butylphenol","1638-22-8","DTXSID3047425",30.091296519477,,39.0269863602055,,12.13428517,,20.857890845,,1.29695263661852,,1.71892209164226,,0.403248998,0.5344478985,,,1,1,1,1,1,1,1,1,0.02021,0.9799,0.9826,0.02099
"4-(Hexyloxy)phenol","18979-55-0","DTXSID4048195",20.894987999804,,25.1314417934809,,9.268099136,,13.254221185,,1.20274975959386,,1.43009057094747,,0.443556088,0.5273959725,,,1,1,1,1,1,1,1,1,0.02537,0.9664,0.9816,0.02674
"4-Methoxyphenol","150-76-5","DTXSID4020828",51.6720497240731,,49.8114295810573,,44.169532355,,45.497587905,,0.963991748867106,,1.03006723139666,,0.854805114,0.9133965495,,,1,1,1,1,1,1,1,1,,,,
"4-Methylbenzophenone","134-84-9","DTXSID9037741",45.7813037457321,,19.2353932283016,,20.01986394,,10.1677527845,,0.420158266683149,,0.507883211143342,,0.437293443,0.528596045,,,1,1,1,1,1,1,1,1,0.02442,0.9895,0.9851,0.02505
"2-Amino-5-azotoluene","97-56-3","DTXSID1020069",,,21.308329197398,,,,14.913766865,,,,,,,0.6999031565,,,0,1,1,0,1,0,0,1,,,,
"Tolazamide","1156-19-0","DTXSID3021358",12.819536929877,,11.6515350929285,,8.38954269,,11.50564201,,0.908888921391036,,1.37142660036932,,0.654434145,0.9874786385,,,1,1,1,1,1,1,1,1,0.9182,0.9387,0.9782,1
"Sodium 2-mercaptobenzothiolate","2492-26-4","DTXSID1026035",61.323944891125,,16.4567060666937,,26.68758392,,12.48609044,,0.268356937830908,,0.467861402419526,,0.4351902665,0.7587235495,,,1,1,1,1,1,1,1,1,0.08323,0.9937,0.9859,0.08496
"N-Phenyl-1-naphthylamine","90-30-2","DTXSID2025892",,,,,,,,,,,,,,,,,0,0,1,0,0,0,0,0,,,,
"Benzocaine","94-09-7","DTXSID8021804",,,0.278192620751348,,,,0.216441608,,,,,,,0.778027855,,,0,1,1,0,1,0,0,1,,,,
"Sulfaquinoxaline","59-40-5","DTXSID8042424",13.6814007832346,,13.7399118081339,,9.856715565,,13.260649065,,1.00427668378599,,1.3453415569875,,0.7204463725,0.965118936,,,1,1,1,1,1,1,1,1,0.9232,0.9433,0.9787,1
"Auramine hydrochloride","2465-27-2","DTXSID9020114",22.9214363935482,,48.1333853362597,,20.116294,,63.35342247,,2.09992883996607,,3.14935854834892,,0.877619258,1.316205416,,,1,1,1,1,1,1,1,1,0.3127,0.9703,0.9794,0.329
"Chlorophacinone","3691-35-8","DTXSID2032348",1.21925744382132,,59.6144599956052,,0.644989177,,84.25030549,,48.8940709754989,,130.622820497343,,0.5290016315,1.41325285,,,1,1,1,1,1,1,1,1,0.5978,0.633,0.9444,1
"Laurocapram","59227-89-3","DTXSID0042086",0.0567470715977951,,57.3198738753912,,0.04785555,,51.69102036,,1010.09395307049,,1080.14682434953,,0.84331312,0.901799269,,,1,1,1,1,1,1,1,1,,,,
"Pebulate","1114-71-2","DTXSID8021199",,,,,,,,,,,,,,,,,0,0,1,0,0,0,0,0,,,,
"3,3'-Dimethylbenzidine dihydrochloride","612-82-8","DTXSID6020511",30.0048597982123,,28.6962322867676,,22.58505858,,27.632891735,,0.956386148102494,,1.22350321284843,,0.7527133515,0.962944942,,,1,1,1,1,1,1,1,1,0.136,0.9798,0.9773,0.142
"Phenothiazine","92-84-2","DTXSID5021126",49.7048078768078,,24.2973590909204,,21.78457205,,14.791717475,,0.488833175879904,,0.678999681106887,,0.438278971,0.608778815,,,1,1,1,1,1,1,1,1,0.9771,0.9909,0.9861,1
"Diphenyl phthalate","84-62-8","DTXSID3021778",,,0.366791023420312,,,,0.175988485,,,,,,,0.479805867,,,0,1,1,0,1,0,0,1,,,,
"Methimazole","60-56-0","DTXSID4020820",,,23.9424266670222,,,,25.099534555,,,,,,0.57276671,1.048328764,,,1,1,1,0,1,0,1,1,,,,
"6-Methyl-2-thiouracil","56-04-2","DTXSID2020890",,,,,,,,,,,,,,,,,0,0,1,0,0,0,0,0,,,,
"2-Ethyl-3-hydroxy-4H-pyran-4-one","4940-11-8","DTXSID5041516",67.2885049385596,,11.886586197248,,52.305498465,,10.9794424125,,0.176651067044831,,0.20990990879949,,0.7773318565,0.923683405,,,1,1,1,1,1,1,1,1,0.04108,0.9946,0.6698,0.06166
"4-Nitrosodiphenylamine","156-10-5","DTXSID1021031",,,,,,,,,,,,,,0.500113572,,,0,1,1,0,0,0,0,1,,,,
"C.I. Solvent Yellow 14","842-07-9","DTXSID4021135",,,,,,,,,,,,,,,,,0,0,1,0,0,0,0,0,,,,
"4-Hexylanilline","33228-45-4","DTXSID5040708",,,27.6449024443128,,,,12.03485025,,,,,,,0.435337049,,,0,1,1,0,1,0,0,1,,,,
"Enterolactone","78473-71-9","DTXSID0048183",30.6782570259786,,18.162330327459,,20.20529657,,12.447879467,,0.592026147772312,,0.616070119232108,,0.6586194435,0.68536797,,,1,1,1,1,1,1,1,1,0.02269,0.9804,0.9834,0.02353
"Oleyl sarcosine","110-25-8","DTXSID5042243",0.0943125963131387,,,,0.039420935,,,,,,,,0.417981654,,,,1,0,1,1,0,0,1,0,0.01334,0.2584,0.8377,0.06162
"Morin hydrate","654055-01-3","DTXSID3040776",0.312057254391672,,17.3079334367318,,0.239816,,16.108607605,,55.4639675673365,,67.1706958876806,,0.7685,0.930706584,,,1,1,1,1,1,1,1,1,0.3706,0.4114,0.9009,1
"4-Hexyloxyanilline","39905-57-2","DTXSID4022288",,,21.4395228245146,,,,14.421932575,,,,,,,0.672679737,,,0,1,1,0,1,0,0,1,,,,
"3-Iodo-2-propynyl-N-butylcarbamate","55406-53-6","DTXSID0028038",,,,,,,,,,,,,,0.413168005,,,0,1,1,0,0,0,0,1,,,,
"Fluorescein","2321-07-5","DTXSID0038887",0.420888103658363,,0.571480729877355,,0.3312333505,,0.591080351,,1.35779729792798,,1.78448320529246,,0.7869867255,1.0342962065,,,1,1,1,1,1,1,1,1,0.4171,0.457,0.9127,1
"Apomorphine hydrochloride hydrate","41372-20-7","DTXSID0048185",31.0018588098957,,39.1071017112986,,24.39517912,,33.08010158,,1.26144377184299,,1.35600978444466,,0.7868940785,0.845884766,,,1,1,1,1,1,1,1,1,0.1711,0.9807,0.9826,0.1776
"Sodium tridecyl sulfate","3026-63-9","DTXSID4042418",,,10.6743766199708,,,,7.891414141,,,,,,,0.739285714,,,0,1,1,0,1,0,0,1,,,,
"3,5,3'-Triiodothyronine","6893-02-3","DTXSID8023216",0.105986557424137,,2.51552250164491,,0.0570937,,2.2116125095,,23.7343542688935,,38.7365420265283,,0.538688126,0.8791861365,,,1,1,1,1,1,1,1,1,0.2291,0.2711,0.8451,1
"Carminic acid","1260-17-9","DTXSID9022817",0.0191013159401917,,,,0.011172567,,,,,,,,0.584910853,,,,1,0,1,1,0,0,1,0,0.003829,0.1286,0.7047,0.04225
"3,3'-Dimethoxybenzidine dihydrochloride","20325-40-0","DTXSID1020485",49.7359951681247,,29.7154740001027,,51.516250875,,30.33277302,,0.597464148443279,,0.588800087444251,,1.0357941105,1.0207736555,,,1,1,1,1,1,1,1,1,0.9771,0.9909,0.9861,1
"Naphthalen-2-yl 2-aminobenzoate","63449-68-3","DTXSID7047697",,,,,,,,,,,,,,,,,0,0,1,0,0,0,0,0,,,,
"Coumaphos","56-72-4","DTXSID2020347",,,10.5073320037136,,,,4.529064794,,,,,,,0.431038516,,,0,1,1,0,1,0,0,1,,,,
"Fenofibrate","49562-28-9","DTXSID2029874",,,,,,,,,,,,,,,,,0,0,1,0,0,0,0,0,,,,
"3,3',5,5'-Tetrabromobisphenol A","79-94-7","DTXSID1026081",,,3.87263049366552,,,,2.41691365,,,,,,,0.6241012805,,,0,1,1,0,1,0,0,1,,,,
"Phenol red","143-74-8","DTXSID8022408",2.33251110627507,,4.04647543933281,,2.2496733995,,4.06335012,,1.7348150790994,,1.80619556638892,,0.964485611,1.004170217,,,1,1,1,1,1,1,1,1,0.5037,0.7393,0.9575,0.7116
"Fenoxaprop-(2S)-ethyl","113776-20-8","DTXSID0040755",,,,,,,,,,,,,,,,,0,0,1,0,0,0,0,0,,,,
"1,2,3-Benzotriazole","95-14-7","DTXSID6020147",35.8131830833315,,29.2680562197518,,29.50056952,,29.115828435,,0.81724252635265,,0.986958181104295,,0.8237349205,0.994798842,,,1,1,1,1,1,1,1,1,0.9693,0.9845,0.9846,1
"Sodium dehydroacetate","4418-26-2","DTXSID7026029",28.9308176056736,,21.0828732580198,,22.178223435,,19.208919275,,0.728734097507331,,0.866116230242587,,0.7665951145,0.9111148675,,,1,1,1,1,1,1,1,1,0.9625,0.9786,0.9835,1
"4-Chloro-1,2-diaminobenzene","95-83-0","DTXSID5020283",,,9.88608171370764,,,,7.0062690615,,,,,,,0.7087002985,,,0,1,1,0,1,0,0,1,,,,
"Corticosterone","50-22-6","DTXSID6022474",26.2057837513734,,21.3704083464716,,16.750653705,,20.04591742,,0.815484419364164,,1.1967244844908,,0.6391968225,0.9380221985,,,1,1,1,1,1,1,1,1,0.2494,0.9754,0.9786,0.2613
"1-Dodecyl-2-pyrrolidinone","2687-96-9","DTXSID4042206",,,38.5471854593891,,,,16.426256075,,,,,,,0.426133734,,,0,1,1,0,1,0,0,1,,,,
"Triglycidyl isocyanurate","2451-62-9","DTXSID4026262",8.67719924046257,0.293268527862435,8.45404608726785,0.0822171799564252,4.85923586619402,0.381099295695124,6.83805890429039,0.0549851900826868,1.03237289146913,0.482839076328196,1.61030353956677,1.10705310830983,0.56573628325,0.80964562825,0.113639678458692,0.0507347563401963,2,2,2,2,2,2,2,2,0.01259,0.9171,0.5155,0.02663
"Indomethacin","53-86-1","DTXSID9020740",19.5112400250898,,25.9957803696628,,13.304651025,,25.003182305,,1.33234896071364,,1.87928133237151,,0.681896743,0.9618169545,,,1,1,1,1,1,1,1,1,0.1412,0.9633,0.9812,0.1494
"Econazole nitrate","24169-02-6","DTXSID6025226",,,,,,,,,,,,,,,,,0,0,1,0,0,0,0,0,,,,
"Trelanserin","189003-92-7","DTXSID2047355",7.70842881437666,,52.8851765040422,,6.83111807,,56.114296965,,6.8606946730063,,8.21451135670386,,0.886188124,1.0610590845,,,1,1,1,1,1,1,1,1,0.2241,0.8961,0.9736,0.2569
"Ilepatril","473289-62-2","DTXSID7047356",0.0343822723750177,,0.731851858432722,,0.020658262,,0.64550635,,21.2857326720641,,31.2468856286168,,0.600840508,0.882017778,,,1,1,1,1,1,1,1,1,0.05162,0.1676,0.6234,0.4941
"Enadoline","124378-77-4","DTXSID4047258",28.9957644578675,,37.185494248778,,28.547783275,,37.8935042,,1.28244572764448,,1.32737115995918,,0.9845501165,1.01903995,,,1,1,1,1,1,1,1,1,0.2032,0.9787,0.9835,0.2111
"Besonprodil","253450-09-8","DTXSID2047270",15.6539000465056,,32.9608413937896,,12.513542355,,33.348850255,,2.10559932642137,,2.66502076781439,,0.79938816,1.011771813,,,1,1,1,1,1,1,1,1,0.2172,0.9514,0.9796,0.233
"Elzasonan","361343-19-3","DTXSID7047277",6.88854829296507,,25.3938002195776,,3.527395121,,25.034077245,,3.6863790656024,,7.09704367848163,,0.5120665445,0.9858342205,,,1,1,1,1,1,1,1,1,0.09185,0.8845,0.9723,0.1068
"Surinabant","288104-79-0","DTXSID2047357",,,1.90830850067103,,,,1.09219353,,,,,,,0.572335935,,,0,1,1,0,1,0,0,1,,,,
"Ingliforib","186392-65-4","DTXSID4047252",0.63003972460641,,22.6172227275534,,0.426366499,,22.131776995,,35.8980899842189,,51.9078704516135,,0.6767295495,0.978536457,,,1,1,1,1,1,1,1,1,0.3162,0.5219,0.9263,0.6541
"2,6,10-Trimethyl-2,6,10-triazaundecane","3855-32-1","DTXSID1044564",9.24677417318828,,1.5053469090809,,8.7594541575,,1.5041459245,,0.162796979885782,,0.171716855577368,,0.947298376,0.9992021875,,,1,1,1,1,1,1,1,1,0.8907,0.9132,0.9754,1
"Chrysin","480-40-0","DTXSID1022396",79.3819059552071,,,,144.9416348,,,,,,,,1.825877485,,,,1,0,1,1,0,0,1,0,0.01417,0.996,0.9878,0.0144
"2-Aminoanthraquinone","117-79-3","DTXSID6020068",19.9364849076108,,11.0549209635773,,9.8457263345,,8.872273192,,0.554507026429572,,0.901129372335999,,0.493854678,0.8025632405,,,1,1,1,1,1,1,1,1,0.08618,0.9642,0.9809,0.09112
"Bromocriptine mesylate","22260-51-1","DTXSID6020197",,,7.67540425556326,,,,8.70739276,,,,,,,1.134453961,,,0,1,1,0,1,0,0,1,,,,
"Piragliatin","625114-41-2","DTXSID3048520",2.37706696069206,,22.6782382809294,,1.423161284,,23.755362605,,9.54042887976824,,16.6919679955262,,0.5987047515,1.0474959435,,,1,1,1,1,1,1,1,1,0.3156,0.7428,0.9108,0.4665
"4-Hydroxy-3-methoxybenzaldehyde","121-33-5","DTXSID0021969",,,0.657886682376943,,,,0.4759414415,,,,,,,0.723439848,,,0,1,1,0,1,0,0,1,,,,
"Diethylene glycol dibenzoate","120-55-8","DTXSID0026967",,,,,,,,,,,,,,0.635838283,,,0,1,1,0,0,0,0,1,,,,
"Cariporide mesylate","159138-81-5","DTXSID3047344",8.07138745255431,,15.4468093066159,,5.6019217065,,17.772259285,,1.91377373436924,,3.17252903845096,,0.694046933,1.150545652,,,1,1,1,1,1,1,1,1,0.8772,0.9005,0.9741,1
"Acetyl tributyl citrate","77-90-7","DTXSID2026446",,,,,,,,,,,,,,,,,0,0,1,0,0,0,0,0,,,,
"Eosin","17372-87-1","DTXSID0025234",,,8.83058320892478,,,,8.2102660385,,,,,,0.6126801405,0.9297535445,,,1,1,1,0,1,0,1,1,,,,
"Carabersat","184653-84-7","DTXSID6047319",21.2866329764301,,21.3437016003189,,14.83522578,,21.475063845,,1.00268096057991,,1.44757243087944,,0.6969268365,1.006154614,,,1,1,1,1,1,1,1,1,0.9496,0.9673,0.9817,1
"Procymidone","32809-16-8","DTXSID9033923",24.5822721151539,,29.9160914775026,,13.62023218,,21.05088138,,1.21697828977577,,1.5455596572657,,0.554067261,0.70366416,,,1,1,1,1,1,1,1,1,0.3735,0.9731,0.9824,0.3907
"Cyproterone acetate","427-51-0","DTXSID5020366",13.6165684231291,,24.5092092543263,,8.3600338025,,20.907576555,,1.79995491468283,,2.50089617445659,,0.6139604005,0.8530498205,,,1,1,1,1,1,1,1,1,0.3679,0.9428,0.9785,0.3988
"5-Amino-2-methylphenol","2835-95-2","DTXSID9024489",33.5286584160817,,17.9708165555365,,20.299052565,,13.90560274,,0.535983764471679,,0.685037032909422,,0.6054239425,0.77378803,,,1,1,1,1,1,1,1,1,0.2353,0.9828,0.89,0.269
"Acibenzolar-S-methyl","135158-54-2","DTXSID1032519",,,,,,,,,,,,,,0.4632769685,,0.0856865661765098,0,2,2,0,0,0,0,2,,,,
"Biochanin A","491-80-5","DTXSID1022394",13.0468030522062,,21.1309796528672,,6.6363082205,,16.536693795,,1.61962892888875,,2.49185137964464,,0.508653974,0.7825805555,,,1,1,1,1,1,1,1,1,0.01347,0.9398,0.9757,0.01469
"Zenarestat","112733-06-9","DTXSID0047296",2.09777805838999,,14.1143159327024,,1.601996764,,13.77184754,,6.72822173740103,,8.59667625396027,,0.7636636095,0.975736097,,,1,1,1,1,1,1,1,1,,,,
"Melengestrol acetate","2919-66-6","DTXSID5048184",15.6083468411212,,26.369530080946,,10.0275256215,,21.707123025,,1.68945054523479,,2.16475368344687,,0.6424463605,0.823189604,,,1,1,1,1,1,1,1,1,0.05986,0.9514,0.9793,0.06425
"Hydroxyprogesterone caproate","630-56-8","DTXSID6043915",,,,,,,,,,,,,,,,,0,0,1,0,0,0,0,0,,,,
"Theobromine","83-67-0","DTXSID9026132",24.4171103023119,,19.6719514665968,,15.700024705,,18.18105294,,0.805662554783731,,1.15802702744855,,0.642992742,0.924211966,,,1,1,1,1,1,1,1,1,0.001696,0.9728,0.1099,0.01586
"Triethylene glycol diacetate","111-21-7","DTXSID3026223",,,0.812415492160621,,,,0.4775370285,,,,,,,0.587799018,,,0,1,1,0,1,0,0,1,,,,
"Diisobutyl adipate","141-04-8","DTXSID9036690",,,0.396187184225421,,,,0.169674814,,,,,,,0.428269315,,,0,1,1,0,1,0,0,1,,,,
"Dipentyl phthalate","131-18-0","DTXSID5031131",,,,,,,,,,,,,,,,,0,0,1,0,0,0,0,0,,,,
"Allura Red C.I.16035","25956-17-6","DTXSID4024436",,,9.48683316916916,,,,9.6811375435,,,,,,0.6759153145,1.020481479,,,1,1,1,0,1,0,1,1,,,,
"1-Benzylquinolinium chloride","15619-48-4","DTXSID8044593",0.395331311666706,,2.15672943908143,,0.2702008415,,2.2062227715,,5.45549865501096,,8.16512176369369,,0.6834794855,1.022948327,,,1,1,1,1,1,1,1,1,0.1581,0.4472,0.847,0.4175
"Nelivaptan","439687-69-1","DTXSID7047358",3.11040052456823,,27.8510447130437,,2.078143789,,28.84720449,,8.95416667180181,,13.8812360543547,,0.6681273915,1.0357674115,,,1,1,1,1,1,1,1,1,0.0802,0.7832,0.9561,0.1071
"6-Methylquinoline","91-62-3","DTXSID3020887",28.8005323778385,,32.2291928876069,,20.278247325,,23.71715537,,1.11904851149233,,1.16958605888786,,0.7040927945,0.7358904535,,,1,1,1,1,1,1,1,1,,,,
"N-Ethylaniline","103-69-5","DTXSID1025271",51.1446510617363,,34.4791404793372,,25.945085495,,15.939505975,,0.674149490974486,,0.614355500122433,,0.507288347,0.46229418,,,1,1,1,1,1,1,1,1,0.1668,0.9913,0.9738,0.1728
"Nitrapyrin","1929-82-4","DTXSID0024216",,,,,,,,,,,,,,,,,0,0,1,0,0,0,0,0,,,,
"Dihexyl phthalate","84-75-3","DTXSID6025068",,,,,,,,,,,,,0.604510761,0.439269791,,,1,1,1,0,0,0,1,1,,,,
"Triacetin","102-76-1","DTXSID3026691",,,,,,,,,,,,,,0.625581912,,,0,1,1,0,0,0,0,1,,,,
"Clofibrate","637-07-0","DTXSID3020336",,,,,,,,,,,,,,,,,0,0,1,0,0,0,0,0,,,,
"Nilutamide","63612-50-0","DTXSID3034165",47.3431158848152,0.0319468583972891,36.6653336471193,0.0408979554579348,53.4501545318408,0.054254059761459,40.6911052972315,0.00662423793829854,0.779913179457113,0.130205955847023,0.76503354536539,0.106890627041949,1.12974001775,1.11152618825,0.0580027229850307,0.0876286508609414,2,2,2,2,2,2,2,2,0.9761,0.9901,0.9859,1
"Fomesafen","72178-02-0","DTXSID7024112",1.26918338366537,0.0755717173546585,22.0692427639794,0.0675858245547795,1.34364189163545,0.085036959439232,25.3357902766809,0.0064134425065897,17.3900073224224,0.319752873667256,19.0107692804902,3.42298169754823,1.05879218875,1.15371243725,0.023074046500617,0.161970492006616,2,2,2,2,2,2,2,2,0.6063,0.6412,0.9455,1
"Hydrochlorothiazide","58-93-5","DTXSID2020713",0.325046825041292,0.136913476274286,1.90215702874937,0.183214121210974,0.398076595487191,0.00533590560038614,1.93844575539171,0.264714047079611,6.66501801268701,4.51157908449095,5.31025713109442,2.99550079387286,1.25766849375,1.0280629235,0.40472738045274,0.191802369328742,2,2,2,2,2,2,2,2,0.3806,0.4212,0.9036,1
"Raloxifene hydrochloride","82640-04-8","DTXSID1034181",,,16.0449764416123,0.136625636213667,,,11.1679457846999,0.130722141951896,,,,,,0.69607217725,,0.00946162507276952,0,2,2,0,2,0,0,2,,,,
"Famoxadone","131807-57-3","DTXSID8034588",,,,,,,,,,,,,,,,,0,0,1,0,0,0,0,0,,,,
"Dexamethasone sodium phosphate","2392-39-4","DTXSID3047429",,,,,,,,,,,,,,1.031670164,,,0,1,1,0,0,0,0,1,,,,
"Nitrofurantoin","67-20-9","DTXSID7020972",2.27742786471158,,31.8628754411434,,1.9859854425,,35.76520601,,13.9907287228958,,18.0087956561142,,0.8720300095,1.122472643,,,1,1,1,1,1,1,1,1,0.7045,0.736,0.9572,1
"FD&C Yellow 6","2783-94-0","DTXSID6021456",,,2.55200263201114,,,,2.841437347,,,,,,0.5996982015,1.11341474,,,1,1,1,0,1,0,1,1,,,,
"Docusate sodium","577-11-7","DTXSID8022959",,,,,,,,,,,,,,,,,0,0,1,0,0,0,0,0,,,,
"Nitrofurazone","59-87-0","DTXSID5020944",27.2516203206526,,40.3105466735267,,28.77855436,,34.489967385,,1.47919816140171,,1.19846073411312,,1.056030945,0.8556065405,,,1,1,1,1,1,1,1,1,0.9603,0.9767,0.9832,1
"Pravastatin sodium","81131-70-6","DTXSID6047525",0.347142408274892,,0.282686958071747,,0.2884173435,,0.342779809,,0.814325623528818,,1.18848542476781,,0.830832928,1.212577373,,,1,1,1,1,1,1,1,1,0.3868,0.4273,0.9053,1
"Sodium saccharin hydrate","82385-42-0","DTXSID7021992",,,1.00834427996893,,,,0.5814872215,,,,,,0.4729292805,0.5766752815,,,1,1,1,0,1,0,1,1,,,,
"1-(Hydroxymethyl)-5,5-dimethylhydantoin","116-25-6","DTXSID6035152",,,,,,,,,,,,,,,,,0,0,1,0,0,0,0,0,,,,
"6-Thioguanine","154-42-7","DTXSID6023652",0.165914358911797,,4.55299965947281,,0.0731,,3.1921467185,,27.4418663299255,,43.6682177633379,,0.44058875,0.7011084905,,,1,1,1,1,1,1,1,1,0.2827,0.3245,0.8711,1
"Aspirin","50-78-2","DTXSID5020108",,,,,,,,,,,,,,,,,0,0,1,0,0,0,0,0,,,,
"FR900409","138472-01-2","DTXSID2048167",,,7.7704226661104,0.00132718602473189,,,5.92210306201404,0.00139024928012557,,,,,,0.762133972333333,,0.000110668339514504,0,2,2,0,2,0,0,2,,,,
"Tributyltin chloride","1461-22-9","DTXSID3027403",,,,,,,,,,,,,,,,,0,0,1,0,0,0,0,0,,,,
"Tetrahydrocurcumin","36062-04-1","DTXSID30865801",,,0.0877571936976002,,,,0.0605780945,,,,,,,0.6902920655,,,0,1,1,0,1,0,0,1,,,,
"(6)-Gingerol","23513-14-6","DTXSID3041035",,,8.4112693325493,,,,6.6779143595,,,,,,,0.7939246855,,,0,1,1,0,1,0,0,1,,,,
